"","simid","value","obsdeg","deg","obsespart","espart","obsdist","dist"
"0",1,1,0,0,0.00634920634920635,0.0622950819672131,0.220125786163522,0.0622950819672131
"0",2,1,0,0,0.00634920634920635,0.120689655172414,0.220125786163522,0.120689655172414
"0",3,1,0,0,0.00634920634920635,0.0488599348534202,0.220125786163522,0.0488599348534202
"0",4,1,0,0,0.00634920634920635,0.0924092409240924,0.220125786163522,0.0924092409240924
"0",5,1,0,0,0.00634920634920635,0.0903225806451613,0.220125786163522,0.0903225806451613
"0",6,1,0,0,0.00634920634920635,0.0888888888888889,0.220125786163522,0.0888888888888889
"0",7,1,0,0,0.00634920634920635,0.059190031152648,0.220125786163522,0.059190031152648
"0",8,1,0,0,0.00634920634920635,0.106666666666667,0.220125786163522,0.106666666666667
"0",9,1,0,0,0.00634920634920635,0.0878378378378378,0.220125786163522,0.0878378378378378
"0",10,1,0,0,0.00634920634920635,0.0762195121951219,0.220125786163522,0.0762195121951219
"0",11,1,0,0,0.00634920634920635,0.111888111888112,0.220125786163522,0.111888111888112
"0",12,1,0,0,0.00634920634920635,0.0492307692307692,0.220125786163522,0.0492307692307692
"0",13,1,0,0,0.00634920634920635,0.0513595166163142,0.220125786163522,0.0513595166163142
"0",14,1,0,0,0.00634920634920635,0.0841423948220065,0.220125786163522,0.0841423948220065
"0",15,1,0,0,0.00634920634920635,0.141447368421053,0.220125786163522,0.141447368421053
"0",16,1,0,0,0.00634920634920635,0.053156146179402,0.220125786163522,0.053156146179402
"0",17,1,0,0,0.00634920634920635,0.0547112462006079,0.220125786163522,0.0547112462006079
"0",18,1,0,0,0.00634920634920635,0.0787878787878788,0.220125786163522,0.0787878787878788
"0",19,1,0,0,0.00634920634920635,0.0524691358024691,0.220125786163522,0.0524691358024691
"0",20,1,0,0,0.00634920634920635,0.0952380952380952,0.220125786163522,0.0952380952380952
"0",21,1,0,0,0.00634920634920635,0.065359477124183,0.220125786163522,0.065359477124183
"0",22,1,0,0,0.00634920634920635,0.0526315789473684,0.220125786163522,0.0526315789473684
"0",23,1,0,0,0.00634920634920635,0.081570996978852,0.220125786163522,0.081570996978852
"0",24,1,0,0,0.00634920634920635,0.0506329113924051,0.220125786163522,0.0506329113924051
"0",25,1,0,0,0.00634920634920635,0.0424242424242424,0.220125786163522,0.0424242424242424
"0",26,1,0,0,0.00634920634920635,0.109271523178808,0.220125786163522,0.109271523178808
"0",27,1,0,0,0.00634920634920635,0.0670926517571885,0.220125786163522,0.0670926517571885
"0",28,1,0,0,0.00634920634920635,0.0577507598784195,0.220125786163522,0.0577507598784195
"0",29,1,0,0,0.00634920634920635,0.0416666666666667,0.220125786163522,0.0416666666666667
"0",30,1,0,0,0.00634920634920635,0.0966666666666667,0.220125786163522,0.0966666666666667
"1",1,2,0,0,0.0603174603174603,0.229508196721311,0.524807826694619,0.229508196721311
"1",2,2,0,0,0.0603174603174603,0.206896551724138,0.524807826694619,0.206896551724138
"1",3,2,0,0,0.0603174603174603,0.205211726384365,0.524807826694619,0.205211726384365
"1",4,2,0,0,0.0603174603174603,0.224422442244224,0.524807826694619,0.224422442244224
"1",5,2,0,0,0.0603174603174603,0.183870967741935,0.524807826694619,0.183870967741935
"1",6,2,0,0,0.0603174603174603,0.196825396825397,0.524807826694619,0.196825396825397
"1",7,2,0,0,0.0603174603174603,0.149532710280374,0.524807826694619,0.149532710280374
"1",8,2,0,0,0.0603174603174603,0.246666666666667,0.524807826694619,0.246666666666667
"1",9,2,0,0.0185185185185185,0.0603174603174603,0.199324324324324,0.524807826694619,0.199324324324324
"1",10,2,0,0,0.0603174603174603,0.195121951219512,0.524807826694619,0.195121951219512
"1",11,2,0,0,0.0603174603174603,0.22027972027972,0.524807826694619,0.22027972027972
"1",12,2,0,0,0.0603174603174603,0.206153846153846,0.524807826694619,0.206153846153846
"1",13,2,0,0,0.0603174603174603,0.166163141993958,0.524807826694619,0.166163141993958
"1",14,2,0,0,0.0603174603174603,0.245954692556634,0.524807826694619,0.245954692556634
"1",15,2,0,0,0.0603174603174603,0.236842105263158,0.524807826694619,0.236842105263158
"1",16,2,0,0,0.0603174603174603,0.199335548172757,0.524807826694619,0.199335548172757
"1",17,2,0,0,0.0603174603174603,0.148936170212766,0.524807826694619,0.148936170212766
"1",18,2,0,0,0.0603174603174603,0.16969696969697,0.524807826694619,0.16969696969697
"1",19,2,0,0,0.0603174603174603,0.160493827160494,0.524807826694619,0.160493827160494
"1",20,2,0,0,0.0603174603174603,0.187074829931973,0.524807826694619,0.187074829931973
"1",21,2,0,0,0.0603174603174603,0.251633986928105,0.524807826694619,0.251633986928105
"1",22,2,0,0,0.0603174603174603,0.160990712074303,0.524807826694619,0.160990712074303
"1",23,2,0,0,0.0603174603174603,0.123867069486405,0.524807826694619,0.123867069486405
"1",24,2,0,0.0185185185185185,0.0603174603174603,0.161392405063291,0.524807826694619,0.161392405063291
"1",25,2,0,0,0.0603174603174603,0.154545454545455,0.524807826694619,0.154545454545455
"1",26,2,0,0,0.0603174603174603,0.241721854304636,0.524807826694619,0.241721854304636
"1",27,2,0,0,0.0603174603174603,0.191693290734824,0.524807826694619,0.191693290734824
"1",28,2,0,0,0.0603174603174603,0.13677811550152,0.524807826694619,0.13677811550152
"1",29,2,0,0,0.0603174603174603,0.142857142857143,0.524807826694619,0.142857142857143
"1",30,2,0,0,0.0603174603174603,0.223333333333333,0.524807826694619,0.223333333333333
"2",1,3,0.111111111111111,0,0.0571428571428571,0.337704918032787,0.236198462613557,0.337704918032787
"2",2,3,0.111111111111111,0,0.0571428571428571,0.296551724137931,0.236198462613557,0.296551724137931
"2",3,3,0.111111111111111,0,0.0571428571428571,0.267100977198697,0.236198462613557,0.267100977198697
"2",4,3,0.111111111111111,0,0.0571428571428571,0.227722772277228,0.236198462613557,0.227722772277228
"2",5,3,0.111111111111111,0,0.0571428571428571,0.251612903225806,0.236198462613557,0.251612903225806
"2",6,3,0.111111111111111,0,0.0571428571428571,0.257142857142857,0.236198462613557,0.257142857142857
"2",7,3,0.111111111111111,0,0.0571428571428571,0.274143302180685,0.236198462613557,0.274143302180685
"2",8,3,0.111111111111111,0,0.0571428571428571,0.263333333333333,0.236198462613557,0.263333333333333
"2",9,3,0.111111111111111,0,0.0571428571428571,0.253378378378378,0.236198462613557,0.253378378378378
"2",10,3,0.111111111111111,0,0.0571428571428571,0.26219512195122,0.236198462613557,0.26219512195122
"2",11,3,0.111111111111111,0,0.0571428571428571,0.311188811188811,0.236198462613557,0.311188811188811
"2",12,3,0.111111111111111,0,0.0571428571428571,0.227692307692308,0.236198462613557,0.227692307692308
"2",13,3,0.111111111111111,0,0.0571428571428571,0.217522658610272,0.236198462613557,0.217522658610272
"2",14,3,0.111111111111111,0,0.0571428571428571,0.258899676375405,0.236198462613557,0.258899676375405
"2",15,3,0.111111111111111,0,0.0571428571428571,0.256578947368421,0.236198462613557,0.256578947368421
"2",16,3,0.111111111111111,0,0.0571428571428571,0.282392026578073,0.236198462613557,0.282392026578073
"2",17,3,0.111111111111111,0,0.0571428571428571,0.267477203647416,0.236198462613557,0.267477203647416
"2",18,3,0.111111111111111,0,0.0571428571428571,0.215151515151515,0.236198462613557,0.215151515151515
"2",19,3,0.111111111111111,0,0.0571428571428571,0.222222222222222,0.236198462613557,0.222222222222222
"2",20,3,0.111111111111111,0,0.0571428571428571,0.292517006802721,0.236198462613557,0.292517006802721
"2",21,3,0.111111111111111,0,0.0571428571428571,0.215686274509804,0.236198462613557,0.215686274509804
"2",22,3,0.111111111111111,0,0.0571428571428571,0.278637770897833,0.236198462613557,0.278637770897833
"2",23,3,0.111111111111111,0,0.0571428571428571,0.241691842900302,0.236198462613557,0.241691842900302
"2",24,3,0.111111111111111,0,0.0571428571428571,0.243670886075949,0.236198462613557,0.243670886075949
"2",25,3,0.111111111111111,0,0.0571428571428571,0.251515151515152,0.236198462613557,0.251515151515152
"2",26,3,0.111111111111111,0,0.0571428571428571,0.321192052980132,0.236198462613557,0.321192052980132
"2",27,3,0.111111111111111,0,0.0571428571428571,0.223642172523962,0.236198462613557,0.223642172523962
"2",28,3,0.111111111111111,0,0.0571428571428571,0.240121580547112,0.236198462613557,0.240121580547112
"2",29,3,0.111111111111111,0,0.0571428571428571,0.214285714285714,0.236198462613557,0.214285714285714
"2",30,3,0.111111111111111,0,0.0571428571428571,0.306666666666667,0.236198462613557,0.306666666666667
"3",1,4,0.037037037037037,0,0.0571428571428571,0.19344262295082,0.0188679245283019,0.19344262295082
"3",2,4,0.037037037037037,0,0.0571428571428571,0.203448275862069,0.0188679245283019,0.203448275862069
"3",3,4,0.037037037037037,0,0.0571428571428571,0.214983713355049,0.0188679245283019,0.214983713355049
"3",4,4,0.037037037037037,0,0.0571428571428571,0.211221122112211,0.0188679245283019,0.211221122112211
"3",5,4,0.037037037037037,0,0.0571428571428571,0.216129032258065,0.0188679245283019,0.216129032258065
"3",6,4,0.037037037037037,0,0.0571428571428571,0.19047619047619,0.0188679245283019,0.19047619047619
"3",7,4,0.037037037037037,0.0185185185185185,0.0571428571428571,0.230529595015576,0.0188679245283019,0.230529595015576
"3",8,4,0.037037037037037,0,0.0571428571428571,0.226666666666667,0.0188679245283019,0.226666666666667
"3",9,4,0.037037037037037,0,0.0571428571428571,0.260135135135135,0.0188679245283019,0.260135135135135
"3",10,4,0.037037037037037,0,0.0571428571428571,0.182926829268293,0.0188679245283019,0.182926829268293
"3",11,4,0.037037037037037,0,0.0571428571428571,0.164335664335664,0.0188679245283019,0.164335664335664
"3",12,4,0.037037037037037,0,0.0571428571428571,0.243076923076923,0.0188679245283019,0.243076923076923
"3",13,4,0.037037037037037,0,0.0571428571428571,0.229607250755287,0.0188679245283019,0.229607250755287
"3",14,4,0.037037037037037,0,0.0571428571428571,0.226537216828479,0.0188679245283019,0.226537216828479
"3",15,4,0.037037037037037,0,0.0571428571428571,0.184210526315789,0.0188679245283019,0.184210526315789
"3",16,4,0.037037037037037,0,0.0571428571428571,0.20265780730897,0.0188679245283019,0.20265780730897
"3",17,4,0.037037037037037,0,0.0571428571428571,0.300911854103343,0.0188679245283019,0.300911854103343
"3",18,4,0.037037037037037,0,0.0571428571428571,0.242424242424242,0.0188679245283019,0.242424242424242
"3",19,4,0.037037037037037,0,0.0571428571428571,0.287037037037037,0.0188679245283019,0.287037037037037
"3",20,4,0.037037037037037,0,0.0571428571428571,0.248299319727891,0.0188679245283019,0.248299319727891
"3",21,4,0.037037037037037,0.0185185185185185,0.0571428571428571,0.176470588235294,0.0188679245283019,0.176470588235294
"3",22,4,0.037037037037037,0,0.0571428571428571,0.213622291021672,0.0188679245283019,0.213622291021672
"3",23,4,0.037037037037037,0,0.0571428571428571,0.226586102719033,0.0188679245283019,0.226586102719033
"3",24,4,0.037037037037037,0,0.0571428571428571,0.268987341772152,0.0188679245283019,0.268987341772152
"3",25,4,0.037037037037037,0,0.0571428571428571,0.221212121212121,0.0188679245283019,0.221212121212121
"3",26,4,0.037037037037037,0,0.0571428571428571,0.16887417218543,0.0188679245283019,0.16887417218543
"3",27,4,0.037037037037037,0,0.0571428571428571,0.226837060702875,0.0188679245283019,0.226837060702875
"3",28,4,0.037037037037037,0,0.0571428571428571,0.237082066869301,0.0188679245283019,0.237082066869301
"3",29,4,0.037037037037037,0,0.0571428571428571,0.214285714285714,0.0188679245283019,0.214285714285714
"3",30,4,0.037037037037037,0.0185185185185185,0.0571428571428571,0.206666666666667,0.0188679245283019,0.206666666666667
"4",1,5,0.037037037037037,0,0.0825396825396825,0.108196721311475,0,0.108196721311475
"4",2,5,0.037037037037037,0,0.0825396825396825,0.110344827586207,0,0.110344827586207
"4",3,5,0.037037037037037,0.0185185185185185,0.0825396825396825,0.120521172638436,0,0.120521172638436
"4",4,5,0.037037037037037,0,0.0825396825396825,0.132013201320132,0,0.132013201320132
"4",5,5,0.037037037037037,0.0185185185185185,0.0825396825396825,0.138709677419355,0,0.138709677419355
"4",6,5,0.037037037037037,0.0185185185185185,0.0825396825396825,0.152380952380952,0,0.152380952380952
"4",7,5,0.037037037037037,0,0.0825396825396825,0.137071651090343,0,0.137071651090343
"4",8,5,0.037037037037037,0,0.0825396825396825,0.103333333333333,0,0.103333333333333
"4",9,5,0.037037037037037,0,0.0825396825396825,0.125,0,0.125
"4",10,5,0.037037037037037,0,0.0825396825396825,0.143292682926829,0,0.143292682926829
"4",11,5,0.037037037037037,0.0185185185185185,0.0825396825396825,0.111888111888112,0,0.111888111888112
"4",12,5,0.037037037037037,0,0.0825396825396825,0.147692307692308,0,0.147692307692308
"4",13,5,0.037037037037037,0,0.0825396825396825,0.163141993957704,0,0.163141993957704
"4",14,5,0.037037037037037,0.0185185185185185,0.0825396825396825,0.113268608414239,0,0.113268608414239
"4",15,5,0.037037037037037,0.037037037037037,0.0825396825396825,0.0986842105263158,0,0.0986842105263158
"4",16,5,0.037037037037037,0.0185185185185185,0.0825396825396825,0.146179401993355,0,0.146179401993355
"4",17,5,0.037037037037037,0,0.0825396825396825,0.127659574468085,0,0.127659574468085
"4",18,5,0.037037037037037,0,0.0825396825396825,0.139393939393939,0,0.139393939393939
"4",19,5,0.037037037037037,0.0185185185185185,0.0825396825396825,0.141975308641975,0,0.141975308641975
"4",20,5,0.037037037037037,0,0.0825396825396825,0.125850340136054,0,0.125850340136054
"4",21,5,0.037037037037037,0.0185185185185185,0.0825396825396825,0.15359477124183,0,0.15359477124183
"4",22,5,0.037037037037037,0,0.0825396825396825,0.148606811145511,0,0.148606811145511
"4",23,5,0.037037037037037,0,0.0825396825396825,0.141993957703928,0,0.141993957703928
"4",24,5,0.037037037037037,0,0.0825396825396825,0.145569620253165,0,0.145569620253165
"4",25,5,0.037037037037037,0,0.0825396825396825,0.212121212121212,0,0.212121212121212
"4",26,5,0.037037037037037,0,0.0825396825396825,0.0960264900662252,0,0.0960264900662252
"4",27,5,0.037037037037037,0.0185185185185185,0.0825396825396825,0.166134185303514,0,0.166134185303514
"4",28,5,0.037037037037037,0.0185185185185185,0.0825396825396825,0.164133738601824,0,0.164133738601824
"4",29,5,0.037037037037037,0,0.0825396825396825,0.193452380952381,0,0.193452380952381
"4",30,5,0.037037037037037,0,0.0825396825396825,0.113333333333333,0,0.113333333333333
"5",1,6,0.111111111111111,0,0.0984126984126984,0.0557377049180328,0,0.0557377049180328
"5",2,6,0.111111111111111,0.0185185185185185,0.0984126984126984,0.0413793103448276,0,0.0413793103448276
"5",3,6,0.111111111111111,0,0.0984126984126984,0.100977198697068,0,0.100977198697068
"5",4,6,0.111111111111111,0.0185185185185185,0.0984126984126984,0.0693069306930693,0,0.0693069306930693
"5",5,6,0.111111111111111,0.0555555555555556,0.0984126984126984,0.0612903225806452,0,0.0612903225806452
"5",6,6,0.111111111111111,0.037037037037037,0.0984126984126984,0.0698412698412698,0,0.0698412698412698
"5",7,6,0.111111111111111,0.0185185185185185,0.0984126984126984,0.0903426791277259,0,0.0903426791277259
"5",8,6,0.111111111111111,0.037037037037037,0.0984126984126984,0.0466666666666667,0,0.0466666666666667
"5",9,6,0.111111111111111,0.0185185185185185,0.0984126984126984,0.0439189189189189,0,0.0439189189189189
"5",10,6,0.111111111111111,0.0185185185185185,0.0984126984126984,0.0945121951219512,0,0.0945121951219512
"5",11,6,0.111111111111111,0.037037037037037,0.0984126984126984,0.0524475524475524,0,0.0524475524475524
"5",12,6,0.111111111111111,0,0.0984126984126984,0.08,0,0.08
"5",13,6,0.111111111111111,0,0.0984126984126984,0.117824773413897,0,0.117824773413897
"5",14,6,0.111111111111111,0,0.0984126984126984,0.0550161812297735,0,0.0550161812297735
"5",15,6,0.111111111111111,0,0.0984126984126984,0.0526315789473684,0,0.0526315789473684
"5",16,6,0.111111111111111,0,0.0984126984126984,0.0730897009966777,0,0.0730897009966777
"5",17,6,0.111111111111111,0,0.0984126984126984,0.0577507598784195,0,0.0577507598784195
"5",18,6,0.111111111111111,0.0185185185185185,0.0984126984126984,0.1,0,0.1
"5",19,6,0.111111111111111,0.0185185185185185,0.0984126984126984,0.0771604938271605,0,0.0771604938271605
"5",20,6,0.111111111111111,0.0185185185185185,0.0984126984126984,0.0272108843537415,0,0.0272108843537415
"5",21,6,0.111111111111111,0.037037037037037,0.0984126984126984,0.0980392156862745,0,0.0980392156862745
"5",22,6,0.111111111111111,0.0185185185185185,0.0984126984126984,0.0773993808049536,0,0.0773993808049536
"5",23,6,0.111111111111111,0.0185185185185185,0.0984126984126984,0.0966767371601208,0,0.0966767371601208
"5",24,6,0.111111111111111,0.0185185185185185,0.0984126984126984,0.0822784810126582,0,0.0822784810126582
"5",25,6,0.111111111111111,0.0185185185185185,0.0984126984126984,0.0727272727272727,0,0.0727272727272727
"5",26,6,0.111111111111111,0.0185185185185185,0.0984126984126984,0.0397350993377483,0,0.0397350993377483
"5",27,6,0.111111111111111,0.0185185185185185,0.0984126984126984,0.0766773162939297,0,0.0766773162939297
"5",28,6,0.111111111111111,0.0185185185185185,0.0984126984126984,0.0911854103343465,0,0.0911854103343465
"5",29,6,0.111111111111111,0,0.0984126984126984,0.119047619047619,0,0.119047619047619
"5",30,6,0.111111111111111,0,0.0984126984126984,0.04,0,0.04
"6",1,7,0.0740740740740741,0,0.0793650793650794,0.00655737704918033,0,0.00655737704918033
"6",2,7,0.0740740740740741,0.037037037037037,0.0793650793650794,0.0206896551724138,0,0.0206896551724138
"6",3,7,0.0740740740740741,0.037037037037037,0.0793650793650794,0.0293159609120521,0,0.0293159609120521
"6",4,7,0.0740740740740741,0.0740740740740741,0.0793650793650794,0.033003300330033,0,0.033003300330033
"6",5,7,0.0740740740740741,0.0555555555555556,0.0793650793650794,0.0387096774193548,0,0.0387096774193548
"6",6,7,0.0740740740740741,0.037037037037037,0.0793650793650794,0.0285714285714286,0,0.0285714285714286
"6",7,7,0.0740740740740741,0.0185185185185185,0.0793650793650794,0.0404984423676012,0,0.0404984423676012
"6",8,7,0.0740740740740741,0,0.0793650793650794,0.00666666666666667,0,0.00666666666666667
"6",9,7,0.0740740740740741,0.0185185185185185,0.0793650793650794,0.027027027027027,0,0.027027027027027
"6",10,7,0.0740740740740741,0.0185185185185185,0.0793650793650794,0.0304878048780488,0,0.0304878048780488
"6",11,7,0.0740740740740741,0.037037037037037,0.0793650793650794,0.020979020979021,0,0.020979020979021
"6",12,7,0.0740740740740741,0.0185185185185185,0.0793650793650794,0.0276923076923077,0,0.0276923076923077
"6",13,7,0.0740740740740741,0.0185185185185185,0.0793650793650794,0.0422960725075529,0,0.0422960725075529
"6",14,7,0.0740740740740741,0,0.0793650793650794,0.0129449838187702,0,0.0129449838187702
"6",15,7,0.0740740740740741,0.037037037037037,0.0793650793650794,0.0263157894736842,0,0.0263157894736842
"6",16,7,0.0740740740740741,0.037037037037037,0.0793650793650794,0.0232558139534884,0,0.0232558139534884
"6",17,7,0.0740740740740741,0.0185185185185185,0.0793650793650794,0.0303951367781155,0,0.0303951367781155
"6",18,7,0.0740740740740741,0.037037037037037,0.0793650793650794,0.0181818181818182,0,0.0181818181818182
"6",19,7,0.0740740740740741,0.037037037037037,0.0793650793650794,0.0493827160493827,0,0.0493827160493827
"6",20,7,0.0740740740740741,0.0555555555555556,0.0793650793650794,0.0170068027210884,0,0.0170068027210884
"6",21,7,0.0740740740740741,0.0185185185185185,0.0793650793650794,0.0261437908496732,0,0.0261437908496732
"6",22,7,0.0740740740740741,0.0555555555555556,0.0793650793650794,0.0495356037151703,0,0.0495356037151703
"6",23,7,0.0740740740740741,0.0185185185185185,0.0793650793650794,0.054380664652568,0,0.054380664652568
"6",24,7,0.0740740740740741,0.0185185185185185,0.0793650793650794,0.0284810126582278,0,0.0284810126582278
"6",25,7,0.0740740740740741,0.0185185185185185,0.0793650793650794,0.0272727272727273,0,0.0272727272727273
"6",26,7,0.0740740740740741,0.037037037037037,0.0793650793650794,0.0132450331125828,0,0.0132450331125828
"6",27,7,0.0740740740740741,0.0555555555555556,0.0793650793650794,0.0223642172523962,0,0.0223642172523962
"6",28,7,0.0740740740740741,0.037037037037037,0.0793650793650794,0.0577507598784195,0,0.0577507598784195
"6",29,7,0.0740740740740741,0.0740740740740741,0.0793650793650794,0.0416666666666667,0,0.0416666666666667
"6",30,7,0.0740740740740741,0.037037037037037,0.0793650793650794,0.0133333333333333,0,0.0133333333333333
"7",1,8,0.0740740740740741,0.0555555555555556,0.0666666666666667,0.00655737704918033,0,0.00655737704918033
"7",2,8,0.0740740740740741,0.0555555555555556,0.0666666666666667,0,0,0
"7",3,8,0.0740740740740741,0.0740740740740741,0.0666666666666667,0.00651465798045603,0,0.00651465798045603
"7",4,8,0.0740740740740741,0.037037037037037,0.0666666666666667,0.0099009900990099,0,0.0099009900990099
"7",5,8,0.0740740740740741,0.0185185185185185,0.0666666666666667,0.0193548387096774,0,0.0193548387096774
"7",6,8,0.0740740740740741,0.0185185185185185,0.0666666666666667,0.0158730158730159,0,0.0158730158730159
"7",7,8,0.0740740740740741,0.037037037037037,0.0666666666666667,0.0155763239875389,0,0.0155763239875389
"7",8,8,0.0740740740740741,0.037037037037037,0.0666666666666667,0,0,0
"7",9,8,0.0740740740740741,0.0925925925925926,0.0666666666666667,0.00337837837837838,0,0.00337837837837838
"7",10,8,0.0740740740740741,0,0.0666666666666667,0.00914634146341463,0,0.00914634146341463
"7",11,8,0.0740740740740741,0.0740740740740741,0.0666666666666667,0.0034965034965035,0,0.0034965034965035
"7",12,8,0.0740740740740741,0.037037037037037,0.0666666666666667,0.0184615384615385,0,0.0184615384615385
"7",13,8,0.0740740740740741,0.037037037037037,0.0666666666666667,0.00906344410876133,0,0.00906344410876133
"7",14,8,0.0740740740740741,0.0555555555555556,0.0666666666666667,0.00323624595469256,0,0.00323624595469256
"7",15,8,0.0740740740740741,0.0740740740740741,0.0666666666666667,0.00328947368421053,0,0.00328947368421053
"7",16,8,0.0740740740740741,0.148148148148148,0.0666666666666667,0.0199335548172757,0,0.0199335548172757
"7",17,8,0.0740740740740741,0.0185185185185185,0.0666666666666667,0.0121580547112462,0,0.0121580547112462
"7",18,8,0.0740740740740741,0.0185185185185185,0.0666666666666667,0.0303030303030303,0,0.0303030303030303
"7",19,8,0.0740740740740741,0,0.0666666666666667,0.00308641975308642,0,0.00308641975308642
"7",20,8,0.0740740740740741,0.0555555555555556,0.0666666666666667,0.00680272108843537,0,0.00680272108843537
"7",21,8,0.0740740740740741,0.0555555555555556,0.0666666666666667,0.0065359477124183,0,0.0065359477124183
"7",22,8,0.0740740740740741,0.037037037037037,0.0666666666666667,0.0185758513931889,0,0.0185758513931889
"7",23,8,0.0740740740740741,0.0740740740740741,0.0666666666666667,0.0181268882175227,0,0.0181268882175227
"7",24,8,0.0740740740740741,0.037037037037037,0.0666666666666667,0.00949367088607595,0,0.00949367088607595
"7",25,8,0.0740740740740741,0.0185185185185185,0.0666666666666667,0.0151515151515152,0,0.0151515151515152
"7",26,8,0.0740740740740741,0.037037037037037,0.0666666666666667,0.00662251655629139,0,0.00662251655629139
"7",27,8,0.0740740740740741,0.0740740740740741,0.0666666666666667,0.0191693290734824,0,0.0191693290734824
"7",28,8,0.0740740740740741,0.0555555555555556,0.0666666666666667,0.00911854103343465,0,0.00911854103343465
"7",29,8,0.0740740740740741,0.037037037037037,0.0666666666666667,0.0267857142857143,0,0.0267857142857143
"7",30,8,0.0740740740740741,0.037037037037037,0.0666666666666667,0,0,0
"8",1,9,0.0555555555555556,0.0740740740740741,0.0476190476190476,0,0,0
"8",2,9,0.0555555555555556,0.0740740740740741,0.0476190476190476,0,0,0
"8",3,9,0.0555555555555556,0.0925925925925926,0.0476190476190476,0.00325732899022801,0,0.00325732899022801
"8",4,9,0.0555555555555556,0.12962962962963,0.0476190476190476,0,0,0
"8",5,9,0.0555555555555556,0.037037037037037,0.0476190476190476,0,0,0
"8",6,9,0.0555555555555556,0,0.0476190476190476,0,0,0
"8",7,9,0.0555555555555556,0.0185185185185185,0.0476190476190476,0.00311526479750779,0,0.00311526479750779
"8",8,9,0.0555555555555556,0.0925925925925926,0.0476190476190476,0,0,0
"8",9,9,0.0555555555555556,0.037037037037037,0.0476190476190476,0,0,0
"8",10,9,0.0555555555555556,0.037037037037037,0.0476190476190476,0,0,0
"8",11,9,0.0555555555555556,0.0925925925925926,0.0476190476190476,0.0034965034965035,0,0.0034965034965035
"8",12,9,0.0555555555555556,0.037037037037037,0.0476190476190476,0,0,0
"8",13,9,0.0555555555555556,0.037037037037037,0.0476190476190476,0.00302114803625378,0,0.00302114803625378
"8",14,9,0.0555555555555556,0.111111111111111,0.0476190476190476,0,0,0
"8",15,9,0.0555555555555556,0.037037037037037,0.0476190476190476,0,0,0
"8",16,9,0.0555555555555556,0.0740740740740741,0.0476190476190476,0,0,0
"8",17,9,0.0555555555555556,0.0555555555555556,0.0476190476190476,0,0,0
"8",18,9,0.0555555555555556,0,0.0476190476190476,0.00606060606060606,0,0.00606060606060606
"8",19,9,0.0555555555555556,0.0925925925925926,0.0476190476190476,0.00617283950617284,0,0.00617283950617284
"8",20,9,0.0555555555555556,0.0925925925925926,0.0476190476190476,0,0,0
"8",21,9,0.0555555555555556,0.0740740740740741,0.0476190476190476,0.00326797385620915,0,0.00326797385620915
"8",22,9,0.0555555555555556,0.0185185185185185,0.0476190476190476,0,0,0
"8",23,9,0.0555555555555556,0.0555555555555556,0.0476190476190476,0.00906344410876133,0,0.00906344410876133
"8",24,9,0.0555555555555556,0.0555555555555556,0.0476190476190476,0.00949367088607595,0,0.00949367088607595
"8",25,9,0.0555555555555556,0.0740740740740741,0.0476190476190476,0.00303030303030303,0,0.00303030303030303
"8",26,9,0.0555555555555556,0.0925925925925926,0.0476190476190476,0.0033112582781457,0,0.0033112582781457
"8",27,9,0.0555555555555556,0.0555555555555556,0.0476190476190476,0.00319488817891374,0,0.00319488817891374
"8",28,9,0.0555555555555556,0.037037037037037,0.0476190476190476,0.00303951367781155,0,0.00303951367781155
"8",29,9,0.0555555555555556,0.0185185185185185,0.0476190476190476,0.00297619047619048,0,0.00297619047619048
"8",30,9,0.0555555555555556,0.111111111111111,0.0476190476190476,0,0,0
"9",1,10,0,0.166666666666667,0.0507936507936508,0,0,0
"9",2,10,0,0.148148148148148,0.0507936507936508,0,0,0
"9",3,10,0,0.0925925925925926,0.0507936507936508,0.00325732899022801,0,0.00325732899022801
"9",4,10,0,0.111111111111111,0.0507936507936508,0,0,0
"9",5,10,0,0.037037037037037,0.0507936507936508,0,0,0
"9",6,10,0,0.148148148148148,0.0507936507936508,0,0,0
"9",7,10,0,0.111111111111111,0.0507936507936508,0,0,0
"9",8,10,0,0.0925925925925926,0.0507936507936508,0,0,0
"9",9,10,0,0.148148148148148,0.0507936507936508,0,0,0
"9",10,10,0,0.166666666666667,0.0507936507936508,0.00609756097560976,0,0.00609756097560976
"9",11,10,0,0.12962962962963,0.0507936507936508,0,0,0
"9",12,10,0,0.111111111111111,0.0507936507936508,0,0,0
"9",13,10,0,0.0925925925925926,0.0507936507936508,0,0,0
"9",14,10,0,0.037037037037037,0.0507936507936508,0,0,0
"9",15,10,0,0.111111111111111,0.0507936507936508,0,0,0
"9",16,10,0,0.0925925925925926,0.0507936507936508,0,0,0
"9",17,10,0,0.0555555555555556,0.0507936507936508,0,0,0
"9",18,10,0,0.12962962962963,0.0507936507936508,0,0,0
"9",19,10,0,0.0740740740740741,0.0507936507936508,0,0,0
"9",20,10,0,0.111111111111111,0.0507936507936508,0,0,0
"9",21,10,0,0.0925925925925926,0.0507936507936508,0,0,0
"9",22,10,0,0.0740740740740741,0.0507936507936508,0,0,0
"9",23,10,0,0.037037037037037,0.0507936507936508,0.00604229607250755,0,0.00604229607250755
"9",24,10,0,0.0740740740740741,0.0507936507936508,0,0,0
"9",25,10,0,0.0740740740740741,0.0507936507936508,0,0,0
"9",26,10,0,0.111111111111111,0.0507936507936508,0,0,0
"9",27,10,0,0,0.0507936507936508,0,0,0
"9",28,10,0,0.0555555555555556,0.0507936507936508,0,0,0
"9",29,10,0,0.0740740740740741,0.0507936507936508,0.00297619047619048,0,0.00297619047619048
"9",30,10,0,0.0555555555555556,0.0507936507936508,0,0,0
"10",1,11,0.0185185185185185,0.111111111111111,0.0507936507936508,0,0,0
"10",2,11,0.0185185185185185,0.203703703703704,0.0507936507936508,0,0,0
"10",3,11,0.0185185185185185,0.0555555555555556,0.0507936507936508,0,0,0
"10",4,11,0.0185185185185185,0.0185185185185185,0.0507936507936508,0,0,0
"10",5,11,0.0185185185185185,0.148148148148148,0.0507936507936508,0,0,0
"10",6,11,0.0185185185185185,0.0925925925925926,0.0507936507936508,0,0,0
"10",7,11,0.0185185185185185,0.166666666666667,0.0507936507936508,0,0,0
"10",8,11,0.0185185185185185,0.203703703703704,0.0507936507936508,0,0,0
"10",9,11,0.0185185185185185,0.0740740740740741,0.0507936507936508,0,0,0
"10",10,11,0.0185185185185185,0.0740740740740741,0.0507936507936508,0,0,0
"10",11,11,0.0185185185185185,0.0925925925925926,0.0507936507936508,0,0,0
"10",12,11,0.0185185185185185,0.12962962962963,0.0507936507936508,0,0,0
"10",13,11,0.0185185185185185,0.0925925925925926,0.0507936507936508,0,0,0
"10",14,11,0.0185185185185185,0.166666666666667,0.0507936507936508,0,0,0
"10",15,11,0.0185185185185185,0.111111111111111,0.0507936507936508,0,0,0
"10",16,11,0.0185185185185185,0.111111111111111,0.0507936507936508,0,0,0
"10",17,11,0.0185185185185185,0.111111111111111,0.0507936507936508,0,0,0
"10",18,11,0.0185185185185185,0.0740740740740741,0.0507936507936508,0,0,0
"10",19,11,0.0185185185185185,0.111111111111111,0.0507936507936508,0,0,0
"10",20,11,0.0185185185185185,0.148148148148148,0.0507936507936508,0,0,0
"10",21,11,0.0185185185185185,0.0740740740740741,0.0507936507936508,0.00326797385620915,0,0.00326797385620915
"10",22,11,0.0185185185185185,0.0740740740740741,0.0507936507936508,0,0,0
"10",23,11,0.0185185185185185,0.0925925925925926,0.0507936507936508,0,0,0
"10",24,11,0.0185185185185185,0.0925925925925926,0.0507936507936508,0,0,0
"10",25,11,0.0185185185185185,0.111111111111111,0.0507936507936508,0,0,0
"10",26,11,0.0185185185185185,0.148148148148148,0.0507936507936508,0,0,0
"10",27,11,0.0185185185185185,0.185185185185185,0.0507936507936508,0.00319488817891374,0,0.00319488817891374
"10",28,11,0.0185185185185185,0.148148148148148,0.0507936507936508,0,0,0
"10",29,11,0.0185185185185185,0.0925925925925926,0.0507936507936508,0,0,0
"10",30,11,0.0185185185185185,0.166666666666667,0.0507936507936508,0,0,0
"11",1,12,0.0185185185185185,0.185185185185185,0.0380952380952381,0,0,0
"11",2,12,0.0185185185185185,0.0925925925925926,0.0380952380952381,0,0,0
"11",3,12,0.0185185185185185,0.203703703703704,0.0380952380952381,0,0,0
"11",4,12,0.0185185185185185,0.12962962962963,0.0380952380952381,0,0,0
"11",5,12,0.0185185185185185,0.166666666666667,0.0380952380952381,0,0,0
"11",6,12,0.0185185185185185,0.0740740740740741,0.0380952380952381,0,0,0
"11",7,12,0.0185185185185185,0.111111111111111,0.0380952380952381,0,0,0
"11",8,12,0.0185185185185185,0.0925925925925926,0.0380952380952381,0,0,0
"11",9,12,0.0185185185185185,0.12962962962963,0.0380952380952381,0,0,0
"11",10,12,0.0185185185185185,0.148148148148148,0.0380952380952381,0,0,0
"11",11,12,0.0185185185185185,0.185185185185185,0.0380952380952381,0,0,0
"11",12,12,0.0185185185185185,0.148148148148148,0.0380952380952381,0,0,0
"11",13,12,0.0185185185185185,0.111111111111111,0.0380952380952381,0,0,0
"11",14,12,0.0185185185185185,0.0555555555555556,0.0380952380952381,0,0,0
"11",15,12,0.0185185185185185,0.166666666666667,0.0380952380952381,0,0,0
"11",16,12,0.0185185185185185,0.0740740740740741,0.0380952380952381,0,0,0
"11",17,12,0.0185185185185185,0.185185185185185,0.0380952380952381,0,0,0
"11",18,12,0.0185185185185185,0.12962962962963,0.0380952380952381,0,0,0
"11",19,12,0.0185185185185185,0.0740740740740741,0.0380952380952381,0,0,0
"11",20,12,0.0185185185185185,0.148148148148148,0.0380952380952381,0,0,0
"11",21,12,0.0185185185185185,0.0925925925925926,0.0380952380952381,0,0,0
"11",22,12,0.0185185185185185,0.185185185185185,0.0380952380952381,0,0,0
"11",23,12,0.0185185185185185,0.12962962962963,0.0380952380952381,0,0,0
"11",24,12,0.0185185185185185,0.148148148148148,0.0380952380952381,0,0,0
"11",25,12,0.0185185185185185,0.0740740740740741,0.0380952380952381,0,0,0
"11",26,12,0.0185185185185185,0.0740740740740741,0.0380952380952381,0,0,0
"11",27,12,0.0185185185185185,0.0555555555555556,0.0380952380952381,0,0,0
"11",28,12,0.0185185185185185,0.0740740740740741,0.0380952380952381,0.00303951367781155,0,0.00303951367781155
"11",29,12,0.0185185185185185,0.148148148148148,0.0380952380952381,0,0,0
"11",30,12,0.0185185185185185,0.148148148148148,0.0380952380952381,0,0,0
"12",1,13,0.0555555555555556,0.0925925925925926,0.053968253968254,0,0,0
"12",2,13,0.0555555555555556,0.12962962962963,0.053968253968254,0,0,0
"12",3,13,0.0555555555555556,0.0555555555555556,0.053968253968254,0,0,0
"12",4,13,0.0555555555555556,0.0740740740740741,0.053968253968254,0,0,0
"12",5,13,0.0555555555555556,0.12962962962963,0.053968253968254,0,0,0
"12",6,13,0.0555555555555556,0.185185185185185,0.053968253968254,0,0,0
"12",7,13,0.0555555555555556,0.0925925925925926,0.053968253968254,0,0,0
"12",8,13,0.0555555555555556,0.0925925925925926,0.053968253968254,0,0,0
"12",9,13,0.0555555555555556,0.12962962962963,0.053968253968254,0,0,0
"12",10,13,0.0555555555555556,0.12962962962963,0.053968253968254,0,0,0
"12",11,13,0.0555555555555556,0.0555555555555556,0.053968253968254,0,0,0
"12",12,13,0.0555555555555556,0.12962962962963,0.053968253968254,0,0,0
"12",13,13,0.0555555555555556,0.222222222222222,0.053968253968254,0,0,0
"12",14,13,0.0555555555555556,0.185185185185185,0.053968253968254,0,0,0
"12",15,13,0.0555555555555556,0.0740740740740741,0.053968253968254,0,0,0
"12",16,13,0.0555555555555556,0.111111111111111,0.053968253968254,0,0,0
"12",17,13,0.0555555555555556,0.148148148148148,0.053968253968254,0,0,0
"12",18,13,0.0555555555555556,0.166666666666667,0.053968253968254,0,0,0
"12",19,13,0.0555555555555556,0.12962962962963,0.053968253968254,0,0,0
"12",20,13,0.0555555555555556,0.0925925925925926,0.053968253968254,0,0,0
"12",21,13,0.0555555555555556,0.166666666666667,0.053968253968254,0,0,0
"12",22,13,0.0555555555555556,0.111111111111111,0.053968253968254,0,0,0
"12",23,13,0.0555555555555556,0.12962962962963,0.053968253968254,0,0,0
"12",24,13,0.0555555555555556,0.185185185185185,0.053968253968254,0,0,0
"12",25,13,0.0555555555555556,0.148148148148148,0.053968253968254,0,0,0
"12",26,13,0.0555555555555556,0.111111111111111,0.053968253968254,0,0,0
"12",27,13,0.0555555555555556,0.12962962962963,0.053968253968254,0,0,0
"12",28,13,0.0555555555555556,0.0740740740740741,0.053968253968254,0,0,0
"12",29,13,0.0555555555555556,0.0925925925925926,0.053968253968254,0,0,0
"12",30,13,0.0555555555555556,0.12962962962963,0.053968253968254,0,0,0
"13",1,14,0.0185185185185185,0.037037037037037,0.0698412698412698,0,0,0
"13",2,14,0.0185185185185185,0.0555555555555556,0.0698412698412698,0,0,0
"13",3,14,0.0185185185185185,0.0740740740740741,0.0698412698412698,0,0,0
"13",4,14,0.0185185185185185,0.148148148148148,0.0698412698412698,0,0,0
"13",5,14,0.0185185185185185,0.0555555555555556,0.0698412698412698,0,0,0
"13",6,14,0.0185185185185185,0.0740740740740741,0.0698412698412698,0,0,0
"13",7,14,0.0185185185185185,0.0555555555555556,0.0698412698412698,0,0,0
"13",8,14,0.0185185185185185,0.12962962962963,0.0698412698412698,0,0,0
"13",9,14,0.0185185185185185,0.166666666666667,0.0698412698412698,0,0,0
"13",10,14,0.0185185185185185,0.0740740740740741,0.0698412698412698,0,0,0
"13",11,14,0.0185185185185185,0.111111111111111,0.0698412698412698,0,0,0
"13",12,14,0.0185185185185185,0.111111111111111,0.0698412698412698,0,0,0
"13",13,14,0.0185185185185185,0.0925925925925926,0.0698412698412698,0,0,0
"13",14,14,0.0185185185185185,0.203703703703704,0.0698412698412698,0,0,0
"13",15,14,0.0185185185185185,0.037037037037037,0.0698412698412698,0,0,0
"13",16,14,0.0185185185185185,0.0555555555555556,0.0698412698412698,0,0,0
"13",17,14,0.0185185185185185,0.148148148148148,0.0698412698412698,0,0,0
"13",18,14,0.0185185185185185,0.12962962962963,0.0698412698412698,0,0,0
"13",19,14,0.0185185185185185,0.0925925925925926,0.0698412698412698,0,0,0
"13",20,14,0.0185185185185185,0.111111111111111,0.0698412698412698,0,0,0
"13",21,14,0.0185185185185185,0.0925925925925926,0.0698412698412698,0,0,0
"13",22,14,0.0185185185185185,0.0925925925925926,0.0698412698412698,0,0,0
"13",23,14,0.0185185185185185,0.0925925925925926,0.0698412698412698,0,0,0
"13",24,14,0.0185185185185185,0.0555555555555556,0.0698412698412698,0,0,0
"13",25,14,0.0185185185185185,0.111111111111111,0.0698412698412698,0,0,0
"13",26,14,0.0185185185185185,0.148148148148148,0.0698412698412698,0,0,0
"13",27,14,0.0185185185185185,0.111111111111111,0.0698412698412698,0,0,0
"13",28,14,0.0185185185185185,0.0925925925925926,0.0698412698412698,0,0,0
"13",29,14,0.0185185185185185,0.0740740740740741,0.0698412698412698,0,0,0
"13",30,14,0.0185185185185185,0.0740740740740741,0.0698412698412698,0,0,0
"14",1,15,0.0185185185185185,0.12962962962963,0.0761904761904762,0,0,0
"14",2,15,0.0185185185185185,0.111111111111111,0.0761904761904762,0,0,0
"14",3,15,0.0185185185185185,0.111111111111111,0.0761904761904762,0,0,0
"14",4,15,0.0185185185185185,0.111111111111111,0.0761904761904762,0,0,0
"14",5,15,0.0185185185185185,0.0740740740740741,0.0761904761904762,0,0,0
"14",6,15,0.0185185185185185,0.12962962962963,0.0761904761904762,0,0,0
"14",7,15,0.0185185185185185,0.12962962962963,0.0761904761904762,0,0,0
"14",8,15,0.0185185185185185,0.12962962962963,0.0761904761904762,0,0,0
"14",9,15,0.0185185185185185,0.037037037037037,0.0761904761904762,0,0,0
"14",10,15,0.0185185185185185,0.12962962962963,0.0761904761904762,0,0,0
"14",11,15,0.0185185185185185,0.0555555555555556,0.0761904761904762,0,0,0
"14",12,15,0.0185185185185185,0.0555555555555556,0.0761904761904762,0,0,0
"14",13,15,0.0185185185185185,0.0555555555555556,0.0761904761904762,0,0,0
"14",14,15,0.0185185185185185,0.0185185185185185,0.0761904761904762,0,0,0
"14",15,15,0.0185185185185185,0.12962962962963,0.0761904761904762,0,0,0
"14",16,15,0.0185185185185185,0.0925925925925926,0.0761904761904762,0,0,0
"14",17,15,0.0185185185185185,0.0555555555555556,0.0761904761904762,0,0,0
"14",18,15,0.0185185185185185,0.037037037037037,0.0761904761904762,0,0,0
"14",19,15,0.0185185185185185,0.111111111111111,0.0761904761904762,0,0,0
"14",20,15,0.0185185185185185,0.0185185185185185,0.0761904761904762,0,0,0
"14",21,15,0.0185185185185185,0.0555555555555556,0.0761904761904762,0,0,0
"14",22,15,0.0185185185185185,0.111111111111111,0.0761904761904762,0,0,0
"14",23,15,0.0185185185185185,0.0555555555555556,0.0761904761904762,0,0,0
"14",24,15,0.0185185185185185,0.12962962962963,0.0761904761904762,0,0,0
"14",25,15,0.0185185185185185,0.111111111111111,0.0761904761904762,0,0,0
"14",26,15,0.0185185185185185,0.0925925925925926,0.0761904761904762,0,0,0
"14",27,15,0.0185185185185185,0.0925925925925926,0.0761904761904762,0,0,0
"14",28,15,0.0185185185185185,0.0740740740740741,0.0761904761904762,0,0,0
"14",29,15,0.0185185185185185,0.0925925925925926,0.0761904761904762,0,0,0
"14",30,15,0.0185185185185185,0.111111111111111,0.0761904761904762,0,0,0
"15",1,16,0.037037037037037,0.12962962962963,0.0476190476190476,0,0,0
"15",2,16,0.037037037037037,0.0185185185185185,0.0476190476190476,0,0,0
"15",3,16,0.037037037037037,0.0740740740740741,0.0476190476190476,0,0,0
"15",4,16,0.037037037037037,0.0740740740740741,0.0476190476190476,0,0,0
"15",5,16,0.037037037037037,0.0555555555555556,0.0476190476190476,0,0,0
"15",6,16,0.037037037037037,0.0740740740740741,0.0476190476190476,0,0,0
"15",7,16,0.037037037037037,0.037037037037037,0.0476190476190476,0,0,0
"15",8,16,0.037037037037037,0.0740740740740741,0.0476190476190476,0,0,0
"15",9,16,0.037037037037037,0.037037037037037,0.0476190476190476,0,0,0
"15",10,16,0.037037037037037,0.0555555555555556,0.0476190476190476,0,0,0
"15",11,16,0.037037037037037,0.0185185185185185,0.0476190476190476,0,0,0
"15",12,16,0.037037037037037,0.037037037037037,0.0476190476190476,0,0,0
"15",13,16,0.037037037037037,0.0740740740740741,0.0476190476190476,0,0,0
"15",14,16,0.037037037037037,0.0925925925925926,0.0476190476190476,0,0,0
"15",15,16,0.037037037037037,0.0925925925925926,0.0476190476190476,0,0,0
"15",16,16,0.037037037037037,0.0185185185185185,0.0476190476190476,0,0,0
"15",17,16,0.037037037037037,0.0925925925925926,0.0476190476190476,0,0,0
"15",18,16,0.037037037037037,0.0925925925925926,0.0476190476190476,0,0,0
"15",19,16,0.037037037037037,0.0555555555555556,0.0476190476190476,0,0,0
"15",20,16,0.037037037037037,0.0740740740740741,0.0476190476190476,0,0,0
"15",21,16,0.037037037037037,0.0740740740740741,0.0476190476190476,0,0,0
"15",22,16,0.037037037037037,0.0925925925925926,0.0476190476190476,0,0,0
"15",23,16,0.037037037037037,0.0925925925925926,0.0476190476190476,0,0,0
"15",24,16,0.037037037037037,0.037037037037037,0.0476190476190476,0,0,0
"15",25,16,0.037037037037037,0.0925925925925926,0.0476190476190476,0,0,0
"15",26,16,0.037037037037037,0.0740740740740741,0.0476190476190476,0,0,0
"15",27,16,0.037037037037037,0.0555555555555556,0.0476190476190476,0,0,0
"15",28,16,0.037037037037037,0.12962962962963,0.0476190476190476,0,0,0
"15",29,16,0.037037037037037,0.0740740740740741,0.0476190476190476,0,0,0
"15",30,16,0.037037037037037,0.037037037037037,0.0476190476190476,0,0,0
"16",1,17,0.0185185185185185,0,0.0222222222222222,0,0,0
"16",2,17,0.0185185185185185,0.037037037037037,0.0222222222222222,0,0,0
"16",3,17,0.0185185185185185,0.037037037037037,0.0222222222222222,0,0,0
"16",4,17,0.0185185185185185,0.037037037037037,0.0222222222222222,0,0,0
"16",5,17,0.0185185185185185,0.0555555555555556,0.0222222222222222,0,0,0
"16",6,17,0.0185185185185185,0.0740740740740741,0.0222222222222222,0,0,0
"16",7,17,0.0185185185185185,0.0555555555555556,0.0222222222222222,0,0,0
"16",8,17,0.0185185185185185,0,0.0222222222222222,0,0,0
"16",9,17,0.0185185185185185,0.0740740740740741,0.0222222222222222,0,0,0
"16",10,17,0.0185185185185185,0.037037037037037,0.0222222222222222,0,0,0
"16",11,17,0.0185185185185185,0.0555555555555556,0.0222222222222222,0,0,0
"16",12,17,0.0185185185185185,0.0925925925925926,0.0222222222222222,0,0,0
"16",13,17,0.0185185185185185,0.0740740740740741,0.0222222222222222,0,0,0
"16",14,17,0.0185185185185185,0.0185185185185185,0.0222222222222222,0,0,0
"16",15,17,0.0185185185185185,0.0555555555555556,0.0222222222222222,0,0,0
"16",16,17,0.0185185185185185,0.0555555555555556,0.0222222222222222,0,0,0
"16",17,17,0.0185185185185185,0.0185185185185185,0.0222222222222222,0,0,0
"16",18,17,0.0185185185185185,0.0555555555555556,0.0222222222222222,0,0,0
"16",19,17,0.0185185185185185,0.0555555555555556,0.0222222222222222,0,0,0
"16",20,17,0.0185185185185185,0.0185185185185185,0.0222222222222222,0,0,0
"16",21,17,0.0185185185185185,0.0740740740740741,0.0222222222222222,0,0,0
"16",22,17,0.0185185185185185,0.0740740740740741,0.0222222222222222,0,0,0
"16",23,17,0.0185185185185185,0.0740740740740741,0.0222222222222222,0,0,0
"16",24,17,0.0185185185185185,0.037037037037037,0.0222222222222222,0,0,0
"16",25,17,0.0185185185185185,0.037037037037037,0.0222222222222222,0,0,0
"16",26,17,0.0185185185185185,0.037037037037037,0.0222222222222222,0,0,0
"16",27,17,0.0185185185185185,0.0740740740740741,0.0222222222222222,0,0,0
"16",28,17,0.0185185185185185,0.037037037037037,0.0222222222222222,0,0,0
"16",29,17,0.0185185185185185,0.0740740740740741,0.0222222222222222,0,0,0
"16",30,17,0.0185185185185185,0.037037037037037,0.0222222222222222,0,0,0
"17",1,18,0.0185185185185185,0.0185185185185185,0.0158730158730159,0,0,0
"17",2,18,0.0185185185185185,0,0.0158730158730159,0,0,0
"17",3,18,0.0185185185185185,0.037037037037037,0.0158730158730159,0,0,0
"17",4,18,0.0185185185185185,0,0.0158730158730159,0,0,0
"17",5,18,0.0185185185185185,0.0185185185185185,0.0158730158730159,0,0,0
"17",6,18,0.0185185185185185,0.0185185185185185,0.0158730158730159,0,0,0
"17",7,18,0.0185185185185185,0.0925925925925926,0.0158730158730159,0,0,0
"17",8,18,0.0185185185185185,0.0185185185185185,0.0158730158730159,0,0,0
"17",9,18,0.0185185185185185,0.0185185185185185,0.0158730158730159,0,0,0
"17",10,18,0.0185185185185185,0.037037037037037,0.0158730158730159,0,0,0
"17",11,18,0.0185185185185185,0,0.0158730158730159,0,0,0
"17",12,18,0.0185185185185185,0.0555555555555556,0.0158730158730159,0,0,0
"17",13,18,0.0185185185185185,0.0555555555555556,0.0158730158730159,0,0,0
"17",14,18,0.0185185185185185,0,0.0158730158730159,0,0,0
"17",15,18,0.0185185185185185,0.0185185185185185,0.0158730158730159,0,0,0
"17",16,18,0.0185185185185185,0.0740740740740741,0.0158730158730159,0,0,0
"17",17,18,0.0185185185185185,0.0555555555555556,0.0158730158730159,0,0,0
"17",18,18,0.0185185185185185,0.0555555555555556,0.0158730158730159,0,0,0
"17",19,18,0.0185185185185185,0.0925925925925926,0.0158730158730159,0,0,0
"17",20,18,0.0185185185185185,0.0185185185185185,0.0158730158730159,0,0,0
"17",21,18,0.0185185185185185,0.0185185185185185,0.0158730158730159,0,0,0
"17",22,18,0.0185185185185185,0.0185185185185185,0.0158730158730159,0,0,0
"17",23,18,0.0185185185185185,0.0740740740740741,0.0158730158730159,0,0,0
"17",24,18,0.0185185185185185,0.037037037037037,0.0158730158730159,0,0,0
"17",25,18,0.0185185185185185,0.0555555555555556,0.0158730158730159,0,0,0
"17",26,18,0.0185185185185185,0.0185185185185185,0.0158730158730159,0,0,0
"17",27,18,0.0185185185185185,0.037037037037037,0.0158730158730159,0,0,0
"17",28,18,0.0185185185185185,0.0740740740740741,0.0158730158730159,0,0,0
"17",29,18,0.0185185185185185,0.0740740740740741,0.0158730158730159,0,0,0
"17",30,18,0.0185185185185185,0,0.0158730158730159,0,0,0
"18",1,19,0.037037037037037,0,0.00952380952380952,0,0,0
"18",2,19,0.037037037037037,0,0.00952380952380952,0,0,0
"18",3,19,0.037037037037037,0.037037037037037,0.00952380952380952,0,0,0
"18",4,19,0.037037037037037,0.0185185185185185,0.00952380952380952,0,0,0
"18",5,19,0.037037037037037,0.037037037037037,0.00952380952380952,0,0,0
"18",6,19,0.037037037037037,0,0.00952380952380952,0,0,0
"18",7,19,0.037037037037037,0.037037037037037,0.00952380952380952,0,0,0
"18",8,19,0.037037037037037,0,0.00952380952380952,0,0,0
"18",9,19,0.037037037037037,0,0.00952380952380952,0,0,0
"18",10,19,0.037037037037037,0.037037037037037,0.00952380952380952,0,0,0
"18",11,19,0.037037037037037,0.037037037037037,0.00952380952380952,0,0,0
"18",12,19,0.037037037037037,0.0185185185185185,0.00952380952380952,0,0,0
"18",13,19,0.037037037037037,0,0.00952380952380952,0,0,0
"18",14,19,0.037037037037037,0.037037037037037,0.00952380952380952,0,0,0
"18",15,19,0.037037037037037,0,0.00952380952380952,0,0,0
"18",16,19,0.037037037037037,0.0185185185185185,0.00952380952380952,0,0,0
"18",17,19,0.037037037037037,0,0.00952380952380952,0,0,0
"18",18,19,0.037037037037037,0.037037037037037,0.00952380952380952,0,0,0
"18",19,19,0.037037037037037,0.037037037037037,0.00952380952380952,0,0,0
"18",20,19,0.037037037037037,0.0185185185185185,0.00952380952380952,0,0,0
"18",21,19,0.037037037037037,0,0.00952380952380952,0,0,0
"18",22,19,0.037037037037037,0.0185185185185185,0.00952380952380952,0,0,0
"18",23,19,0.037037037037037,0.037037037037037,0.00952380952380952,0,0,0
"18",24,19,0.037037037037037,0.037037037037037,0.00952380952380952,0,0,0
"18",25,19,0.037037037037037,0.0555555555555556,0.00952380952380952,0,0,0
"18",26,19,0.037037037037037,0,0.00952380952380952,0,0,0
"18",27,19,0.037037037037037,0,0.00952380952380952,0,0,0
"18",28,19,0.037037037037037,0.0555555555555556,0.00952380952380952,0,0,0
"18",29,19,0.037037037037037,0.0185185185185185,0.00952380952380952,0,0,0
"18",30,19,0.037037037037037,0.037037037037037,0.00952380952380952,0,0,0
"19",1,20,0.037037037037037,0,0.00952380952380952,0,0,0
"19",2,20,0.037037037037037,0.0185185185185185,0.00952380952380952,0,0,0
"19",3,20,0.037037037037037,0,0.00952380952380952,0,0,0
"19",4,20,0.037037037037037,0,0.00952380952380952,0,0,0
"19",5,20,0.037037037037037,0.037037037037037,0.00952380952380952,0,0,0
"19",6,20,0.037037037037037,0,0.00952380952380952,0,0,0
"19",7,20,0.037037037037037,0,0.00952380952380952,0,0,0
"19",8,20,0.037037037037037,0,0.00952380952380952,0,0,0
"19",9,20,0.037037037037037,0,0.00952380952380952,0,0,0
"19",10,20,0.037037037037037,0.0185185185185185,0.00952380952380952,0,0,0
"19",11,20,0.037037037037037,0,0.00952380952380952,0,0,0
"19",12,20,0.037037037037037,0.0185185185185185,0.00952380952380952,0,0,0
"19",13,20,0.037037037037037,0.0185185185185185,0.00952380952380952,0,0,0
"19",14,20,0.037037037037037,0,0.00952380952380952,0,0,0
"19",15,20,0.037037037037037,0.0185185185185185,0.00952380952380952,0,0,0
"19",16,20,0.037037037037037,0.0185185185185185,0.00952380952380952,0,0,0
"19",17,20,0.037037037037037,0,0.00952380952380952,0,0,0
"19",18,20,0.037037037037037,0.0185185185185185,0.00952380952380952,0,0,0
"19",19,20,0.037037037037037,0,0.00952380952380952,0,0,0
"19",20,20,0.037037037037037,0.0185185185185185,0.00952380952380952,0,0,0
"19",21,20,0.037037037037037,0.0185185185185185,0.00952380952380952,0,0,0
"19",22,20,0.037037037037037,0,0.00952380952380952,0,0,0
"19",23,20,0.037037037037037,0,0.00952380952380952,0,0,0
"19",24,20,0.037037037037037,0.0185185185185185,0.00952380952380952,0,0,0
"19",25,20,0.037037037037037,0,0.00952380952380952,0,0,0
"19",26,20,0.037037037037037,0,0.00952380952380952,0,0,0
"19",27,20,0.037037037037037,0.0185185185185185,0.00952380952380952,0,0,0
"19",28,20,0.037037037037037,0,0.00952380952380952,0,0,0
"19",29,20,0.037037037037037,0.037037037037037,0.00952380952380952,0,0,0
"19",30,20,0.037037037037037,0,0.00952380952380952,0,0,0
"20",1,21,0,0,0,0,0,0
"20",2,21,0,0,0,0,0,0
"20",3,21,0,0,0,0,0,0
"20",4,21,0,0.0185185185185185,0,0,0,0
"20",5,21,0,0,0,0,0,0
"20",6,21,0,0.0185185185185185,0,0,0,0
"20",7,21,0,0,0,0,0,0
"20",8,21,0,0,0,0,0,0
"20",9,21,0,0,0,0,0,0
"20",10,21,0,0.0185185185185185,0,0,0,0
"20",11,21,0,0,0,0,0,0
"20",12,21,0,0,0,0,0,0
"20",13,21,0,0.0185185185185185,0,0,0,0
"20",14,21,0,0,0,0,0,0
"20",15,21,0,0,0,0,0,0
"20",16,21,0,0,0,0,0,0
"20",17,21,0,0.037037037037037,0,0,0,0
"20",18,21,0,0,0,0,0,0
"20",19,21,0,0,0,0,0,0
"20",20,21,0,0,0,0,0,0
"20",21,21,0,0,0,0,0,0
"20",22,21,0,0.0185185185185185,0,0,0,0
"20",23,21,0,0.0185185185185185,0,0,0,0
"20",24,21,0,0,0,0,0,0
"20",25,21,0,0,0,0,0,0
"20",26,21,0,0,0,0,0,0
"20",27,21,0,0.0185185185185185,0,0,0,0
"20",28,21,0,0,0,0,0,0
"20",29,21,0,0,0,0,0,0
"20",30,21,0,0,0,0,0,0
"21",1,22,0.037037037037037,0,0,0,0,0
"21",2,22,0.037037037037037,0,0,0,0,0
"21",3,22,0.037037037037037,0,0,0,0,0
"21",4,22,0.037037037037037,0,0,0,0,0
"21",5,22,0.037037037037037,0,0,0,0,0
"21",6,22,0.037037037037037,0,0,0,0,0
"21",7,22,0.037037037037037,0,0,0,0,0
"21",8,22,0.037037037037037,0,0,0,0,0
"21",9,22,0.037037037037037,0,0,0,0,0
"21",10,22,0.037037037037037,0,0,0,0,0
"21",11,22,0.037037037037037,0,0,0,0,0
"21",12,22,0.037037037037037,0,0,0,0,0
"21",13,22,0.037037037037037,0,0,0,0,0
"21",14,22,0.037037037037037,0,0,0,0,0
"21",15,22,0.037037037037037,0,0,0,0,0
"21",16,22,0.037037037037037,0,0,0,0,0
"21",17,22,0.037037037037037,0,0,0,0,0
"21",18,22,0.037037037037037,0,0,0,0,0
"21",19,22,0.037037037037037,0,0,0,0,0
"21",20,22,0.037037037037037,0,0,0,0,0
"21",21,22,0.037037037037037,0.0185185185185185,0,0,0,0
"21",22,22,0.037037037037037,0,0,0,0,0
"21",23,22,0.037037037037037,0,0,0,0,0
"21",24,22,0.037037037037037,0,0,0,0,0
"21",25,22,0.037037037037037,0,0,0,0,0
"21",26,22,0.037037037037037,0,0,0,0,0
"21",27,22,0.037037037037037,0,0,0,0,0
"21",28,22,0.037037037037037,0.0185185185185185,0,0,0,0
"21",29,22,0.037037037037037,0,0,0,0,0
"21",30,22,0.037037037037037,0,0,0,0,0
"22",1,23,0.0555555555555556,0,0,0,0,0
"22",2,23,0.0555555555555556,0,0,0,0,0
"22",3,23,0.0555555555555556,0,0,0,0,0
"22",4,23,0.0555555555555556,0,0,0,0,0
"22",5,23,0.0555555555555556,0,0,0,0,0
"22",6,23,0.0555555555555556,0,0,0,0,0
"22",7,23,0.0555555555555556,0,0,0,0,0
"22",8,23,0.0555555555555556,0,0,0,0,0
"22",9,23,0.0555555555555556,0,0,0,0,0
"22",10,23,0.0555555555555556,0,0,0,0,0
"22",11,23,0.0555555555555556,0,0,0,0,0
"22",12,23,0.0555555555555556,0,0,0,0,0
"22",13,23,0.0555555555555556,0,0,0,0,0
"22",14,23,0.0555555555555556,0,0,0,0,0
"22",15,23,0.0555555555555556,0,0,0,0,0
"22",16,23,0.0555555555555556,0,0,0,0,0
"22",17,23,0.0555555555555556,0,0,0,0,0
"22",18,23,0.0555555555555556,0,0,0,0,0
"22",19,23,0.0555555555555556,0,0,0,0,0
"22",20,23,0.0555555555555556,0,0,0,0,0
"22",21,23,0.0555555555555556,0,0,0,0,0
"22",22,23,0.0555555555555556,0,0,0,0,0
"22",23,23,0.0555555555555556,0,0,0,0,0
"22",24,23,0.0555555555555556,0,0,0,0,0
"22",25,23,0.0555555555555556,0,0,0,0,0
"22",26,23,0.0555555555555556,0,0,0,0,0
"22",27,23,0.0555555555555556,0,0,0,0,0
"22",28,23,0.0555555555555556,0,0,0,0,0
"22",29,23,0.0555555555555556,0.0185185185185185,0,0,0,0
"22",30,23,0.0555555555555556,0,0,0,0,0
"23",1,24,0.037037037037037,0,0,0,0,0
"23",2,24,0.037037037037037,0,0,0,0,0
"23",3,24,0.037037037037037,0,0,0,0,0
"23",4,24,0.037037037037037,0,0,0,0,0
"23",5,24,0.037037037037037,0,0,0,0,0
"23",6,24,0.037037037037037,0,0,0,0,0
"23",7,24,0.037037037037037,0,0,0,0,0
"23",8,24,0.037037037037037,0,0,0,0,0
"23",9,24,0.037037037037037,0,0,0,0,0
"23",10,24,0.037037037037037,0,0,0,0,0
"23",11,24,0.037037037037037,0,0,0,0,0
"23",12,24,0.037037037037037,0,0,0,0,0
"23",13,24,0.037037037037037,0,0,0,0,0
"23",14,24,0.037037037037037,0,0,0,0,0
"23",15,24,0.037037037037037,0,0,0,0,0
"23",16,24,0.037037037037037,0,0,0,0,0
"23",17,24,0.037037037037037,0,0,0,0,0
"23",18,24,0.037037037037037,0,0,0,0,0
"23",19,24,0.037037037037037,0,0,0,0,0
"23",20,24,0.037037037037037,0,0,0,0,0
"23",21,24,0.037037037037037,0,0,0,0,0
"23",22,24,0.037037037037037,0,0,0,0,0
"23",23,24,0.037037037037037,0,0,0,0,0
"23",24,24,0.037037037037037,0,0,0,0,0
"23",25,24,0.037037037037037,0,0,0,0,0
"23",26,24,0.037037037037037,0,0,0,0,0
"23",27,24,0.037037037037037,0,0,0,0,0
"23",28,24,0.037037037037037,0,0,0,0,0
"23",29,24,0.037037037037037,0,0,0,0,0
"23",30,24,0.037037037037037,0,0,0,0,0
"24",1,25,0.037037037037037,0,0,0,0,0
"24",2,25,0.037037037037037,0,0,0,0,0
"24",3,25,0.037037037037037,0,0,0,0,0
"24",4,25,0.037037037037037,0,0,0,0,0
"24",5,25,0.037037037037037,0,0,0,0,0
"24",6,25,0.037037037037037,0,0,0,0,0
"24",7,25,0.037037037037037,0,0,0,0,0
"24",8,25,0.037037037037037,0,0,0,0,0
"24",9,25,0.037037037037037,0,0,0,0,0
"24",10,25,0.037037037037037,0,0,0,0,0
"24",11,25,0.037037037037037,0,0,0,0,0
"24",12,25,0.037037037037037,0,0,0,0,0
"24",13,25,0.037037037037037,0,0,0,0,0
"24",14,25,0.037037037037037,0,0,0,0,0
"24",15,25,0.037037037037037,0,0,0,0,0
"24",16,25,0.037037037037037,0,0,0,0,0
"24",17,25,0.037037037037037,0,0,0,0,0
"24",18,25,0.037037037037037,0,0,0,0,0
"24",19,25,0.037037037037037,0,0,0,0,0
"24",20,25,0.037037037037037,0,0,0,0,0
"24",21,25,0.037037037037037,0,0,0,0,0
"24",22,25,0.037037037037037,0,0,0,0,0
"24",23,25,0.037037037037037,0,0,0,0,0
"24",24,25,0.037037037037037,0,0,0,0,0
"24",25,25,0.037037037037037,0,0,0,0,0
"24",26,25,0.037037037037037,0,0,0,0,0
"24",27,25,0.037037037037037,0,0,0,0,0
"24",28,25,0.037037037037037,0,0,0,0,0
"24",29,25,0.037037037037037,0,0,0,0,0
"24",30,25,0.037037037037037,0,0,0,0,0
"25",1,26,0.0555555555555556,0,0,0,0,0
"25",2,26,0.0555555555555556,0,0,0,0,0
"25",3,26,0.0555555555555556,0,0,0,0,0
"25",4,26,0.0555555555555556,0,0,0,0,0
"25",5,26,0.0555555555555556,0,0,0,0,0
"25",6,26,0.0555555555555556,0,0,0,0,0
"25",7,26,0.0555555555555556,0,0,0,0,0
"25",8,26,0.0555555555555556,0,0,0,0,0
"25",9,26,0.0555555555555556,0,0,0,0,0
"25",10,26,0.0555555555555556,0,0,0,0,0
"25",11,26,0.0555555555555556,0,0,0,0,0
"25",12,26,0.0555555555555556,0,0,0,0,0
"25",13,26,0.0555555555555556,0,0,0,0,0
"25",14,26,0.0555555555555556,0,0,0,0,0
"25",15,26,0.0555555555555556,0,0,0,0,0
"25",16,26,0.0555555555555556,0,0,0,0,0
"25",17,26,0.0555555555555556,0,0,0,0,0
"25",18,26,0.0555555555555556,0,0,0,0,0
"25",19,26,0.0555555555555556,0,0,0,0,0
"25",20,26,0.0555555555555556,0,0,0,0,0
"25",21,26,0.0555555555555556,0,0,0,0,0
"25",22,26,0.0555555555555556,0,0,0,0,0
"25",23,26,0.0555555555555556,0,0,0,0,0
"25",24,26,0.0555555555555556,0,0,0,0,0
"25",25,26,0.0555555555555556,0,0,0,0,0
"25",26,26,0.0555555555555556,0,0,0,0,0
"25",27,26,0.0555555555555556,0,0,0,0,0
"25",28,26,0.0555555555555556,0,0,0,0,0
"25",29,26,0.0555555555555556,0,0,0,0,0
"25",30,26,0.0555555555555556,0,0,0,0,0
"26",1,27,0,0,0,0,0,0
"26",2,27,0,0,0,0,0,0
"26",3,27,0,0,0,0,0,0
"26",4,27,0,0,0,0,0,0
"26",5,27,0,0,0,0,0,0
"26",6,27,0,0,0,0,0,0
"26",7,27,0,0,0,0,0,0
"26",8,27,0,0,0,0,0,0
"26",9,27,0,0,0,0,0,0
"26",10,27,0,0,0,0,0,0
"26",11,27,0,0,0,0,0,0
"26",12,27,0,0,0,0,0,0
"26",13,27,0,0,0,0,0,0
"26",14,27,0,0,0,0,0,0
"26",15,27,0,0,0,0,0,0
"26",16,27,0,0,0,0,0,0
"26",17,27,0,0,0,0,0,0
"26",18,27,0,0,0,0,0,0
"26",19,27,0,0,0,0,0,0
"26",20,27,0,0,0,0,0,0
"26",21,27,0,0,0,0,0,0
"26",22,27,0,0,0,0,0,0
"26",23,27,0,0,0,0,0,0
"26",24,27,0,0,0,0,0,0
"26",25,27,0,0,0,0,0,0
"26",26,27,0,0,0,0,0,0
"26",27,27,0,0,0,0,0,0
"26",28,27,0,0,0,0,0,0
"26",29,27,0,0,0,0,0,0
"26",30,27,0,0,0,0,0,0
"27",1,28,0,0,0,0,0,0
"27",2,28,0,0,0,0,0,0
"27",3,28,0,0,0,0,0,0
"27",4,28,0,0,0,0,0,0
"27",5,28,0,0,0,0,0,0
"27",6,28,0,0,0,0,0,0
"27",7,28,0,0,0,0,0,0
"27",8,28,0,0,0,0,0,0
"27",9,28,0,0,0,0,0,0
"27",10,28,0,0,0,0,0,0
"27",11,28,0,0,0,0,0,0
"27",12,28,0,0,0,0,0,0
"27",13,28,0,0,0,0,0,0
"27",14,28,0,0,0,0,0,0
"27",15,28,0,0,0,0,0,0
"27",16,28,0,0,0,0,0,0
"27",17,28,0,0,0,0,0,0
"27",18,28,0,0,0,0,0,0
"27",19,28,0,0,0,0,0,0
"27",20,28,0,0,0,0,0,0
"27",21,28,0,0,0,0,0,0
"27",22,28,0,0,0,0,0,0
"27",23,28,0,0,0,0,0,0
"27",24,28,0,0,0,0,0,0
"27",25,28,0,0,0,0,0,0
"27",26,28,0,0,0,0,0,0
"27",27,28,0,0,0,0,0,0
"27",28,28,0,0,0,0,0,0
"27",29,28,0,0,0,0,0,0
"27",30,28,0,0,0,0,0,0
"28",1,29,0,0,0,0,0,0
"28",2,29,0,0,0,0,0,0
"28",3,29,0,0,0,0,0,0
"28",4,29,0,0,0,0,0,0
"28",5,29,0,0,0,0,0,0
"28",6,29,0,0,0,0,0,0
"28",7,29,0,0,0,0,0,0
"28",8,29,0,0,0,0,0,0
"28",9,29,0,0,0,0,0,0
"28",10,29,0,0,0,0,0,0
"28",11,29,0,0,0,0,0,0
"28",12,29,0,0,0,0,0,0
"28",13,29,0,0,0,0,0,0
"28",14,29,0,0,0,0,0,0
"28",15,29,0,0,0,0,0,0
"28",16,29,0,0,0,0,0,0
"28",17,29,0,0,0,0,0,0
"28",18,29,0,0,0,0,0,0
"28",19,29,0,0,0,0,0,0
"28",20,29,0,0,0,0,0,0
"28",21,29,0,0,0,0,0,0
"28",22,29,0,0,0,0,0,0
"28",23,29,0,0,0,0,0,0
"28",24,29,0,0,0,0,0,0
"28",25,29,0,0,0,0,0,0
"28",26,29,0,0,0,0,0,0
"28",27,29,0,0,0,0,0,0
"28",28,29,0,0,0,0,0,0
"28",29,29,0,0,0,0,0,0
"28",30,29,0,0,0,0,0,0
"29",1,30,0,0,0,0,0,0
"29",2,30,0,0,0,0,0,0
"29",3,30,0,0,0,0,0,0
"29",4,30,0,0,0,0,0,0
"29",5,30,0,0,0,0,0,0
"29",6,30,0,0,0,0,0,0
"29",7,30,0,0,0,0,0,0
"29",8,30,0,0,0,0,0,0
"29",9,30,0,0,0,0,0,0
"29",10,30,0,0,0,0,0,0
"29",11,30,0,0,0,0,0,0
"29",12,30,0,0,0,0,0,0
"29",13,30,0,0,0,0,0,0
"29",14,30,0,0,0,0,0,0
"29",15,30,0,0,0,0,0,0
"29",16,30,0,0,0,0,0,0
"29",17,30,0,0,0,0,0,0
"29",18,30,0,0,0,0,0,0
"29",19,30,0,0,0,0,0,0
"29",20,30,0,0,0,0,0,0
"29",21,30,0,0,0,0,0,0
"29",22,30,0,0,0,0,0,0
"29",23,30,0,0,0,0,0,0
"29",24,30,0,0,0,0,0,0
"29",25,30,0,0,0,0,0,0
"29",26,30,0,0,0,0,0,0
"29",27,30,0,0,0,0,0,0
"29",28,30,0,0,0,0,0,0
"29",29,30,0,0,0,0,0,0
"29",30,30,0,0,0,0,0,0
"30",1,31,0,0,0,0,0,0
"30",2,31,0,0,0,0,0,0
"30",3,31,0,0,0,0,0,0
"30",4,31,0,0,0,0,0,0
"30",5,31,0,0,0,0,0,0
"30",6,31,0,0,0,0,0,0
"30",7,31,0,0,0,0,0,0
"30",8,31,0,0,0,0,0,0
"30",9,31,0,0,0,0,0,0
"30",10,31,0,0,0,0,0,0
"30",11,31,0,0,0,0,0,0
"30",12,31,0,0,0,0,0,0
"30",13,31,0,0,0,0,0,0
"30",14,31,0,0,0,0,0,0
"30",15,31,0,0,0,0,0,0
"30",16,31,0,0,0,0,0,0
"30",17,31,0,0,0,0,0,0
"30",18,31,0,0,0,0,0,0
"30",19,31,0,0,0,0,0,0
"30",20,31,0,0,0,0,0,0
"30",21,31,0,0,0,0,0,0
"30",22,31,0,0,0,0,0,0
"30",23,31,0,0,0,0,0,0
"30",24,31,0,0,0,0,0,0
"30",25,31,0,0,0,0,0,0
"30",26,31,0,0,0,0,0,0
"30",27,31,0,0,0,0,0,0
"30",28,31,0,0,0,0,0,0
"30",29,31,0,0,0,0,0,0
"30",30,31,0,0,0,0,0,0
"31",1,32,0,0,0,0,0,0
"31",2,32,0,0,0,0,0,0
"31",3,32,0,0,0,0,0,0
"31",4,32,0,0,0,0,0,0
"31",5,32,0,0,0,0,0,0
"31",6,32,0,0,0,0,0,0
"31",7,32,0,0,0,0,0,0
"31",8,32,0,0,0,0,0,0
"31",9,32,0,0,0,0,0,0
"31",10,32,0,0,0,0,0,0
"31",11,32,0,0,0,0,0,0
"31",12,32,0,0,0,0,0,0
"31",13,32,0,0,0,0,0,0
"31",14,32,0,0,0,0,0,0
"31",15,32,0,0,0,0,0,0
"31",16,32,0,0,0,0,0,0
"31",17,32,0,0,0,0,0,0
"31",18,32,0,0,0,0,0,0
"31",19,32,0,0,0,0,0,0
"31",20,32,0,0,0,0,0,0
"31",21,32,0,0,0,0,0,0
"31",22,32,0,0,0,0,0,0
"31",23,32,0,0,0,0,0,0
"31",24,32,0,0,0,0,0,0
"31",25,32,0,0,0,0,0,0
"31",26,32,0,0,0,0,0,0
"31",27,32,0,0,0,0,0,0
"31",28,32,0,0,0,0,0,0
"31",29,32,0,0,0,0,0,0
"31",30,32,0,0,0,0,0,0
"32",1,33,0,0,0,0,0,0
"32",2,33,0,0,0,0,0,0
"32",3,33,0,0,0,0,0,0
"32",4,33,0,0,0,0,0,0
"32",5,33,0,0,0,0,0,0
"32",6,33,0,0,0,0,0,0
"32",7,33,0,0,0,0,0,0
"32",8,33,0,0,0,0,0,0
"32",9,33,0,0,0,0,0,0
"32",10,33,0,0,0,0,0,0
"32",11,33,0,0,0,0,0,0
"32",12,33,0,0,0,0,0,0
"32",13,33,0,0,0,0,0,0
"32",14,33,0,0,0,0,0,0
"32",15,33,0,0,0,0,0,0
"32",16,33,0,0,0,0,0,0
"32",17,33,0,0,0,0,0,0
"32",18,33,0,0,0,0,0,0
"32",19,33,0,0,0,0,0,0
"32",20,33,0,0,0,0,0,0
"32",21,33,0,0,0,0,0,0
"32",22,33,0,0,0,0,0,0
"32",23,33,0,0,0,0,0,0
"32",24,33,0,0,0,0,0,0
"32",25,33,0,0,0,0,0,0
"32",26,33,0,0,0,0,0,0
"32",27,33,0,0,0,0,0,0
"32",28,33,0,0,0,0,0,0
"32",29,33,0,0,0,0,0,0
"32",30,33,0,0,0,0,0,0
"33",1,34,0,0,0,0,0,0
"33",2,34,0,0,0,0,0,0
"33",3,34,0,0,0,0,0,0
"33",4,34,0,0,0,0,0,0
"33",5,34,0,0,0,0,0,0
"33",6,34,0,0,0,0,0,0
"33",7,34,0,0,0,0,0,0
"33",8,34,0,0,0,0,0,0
"33",9,34,0,0,0,0,0,0
"33",10,34,0,0,0,0,0,0
"33",11,34,0,0,0,0,0,0
"33",12,34,0,0,0,0,0,0
"33",13,34,0,0,0,0,0,0
"33",14,34,0,0,0,0,0,0
"33",15,34,0,0,0,0,0,0
"33",16,34,0,0,0,0,0,0
"33",17,34,0,0,0,0,0,0
"33",18,34,0,0,0,0,0,0
"33",19,34,0,0,0,0,0,0
"33",20,34,0,0,0,0,0,0
"33",21,34,0,0,0,0,0,0
"33",22,34,0,0,0,0,0,0
"33",23,34,0,0,0,0,0,0
"33",24,34,0,0,0,0,0,0
"33",25,34,0,0,0,0,0,0
"33",26,34,0,0,0,0,0,0
"33",27,34,0,0,0,0,0,0
"33",28,34,0,0,0,0,0,0
"33",29,34,0,0,0,0,0,0
"33",30,34,0,0,0,0,0,0
"34",1,35,0,0,0,0,0,0
"34",2,35,0,0,0,0,0,0
"34",3,35,0,0,0,0,0,0
"34",4,35,0,0,0,0,0,0
"34",5,35,0,0,0,0,0,0
"34",6,35,0,0,0,0,0,0
"34",7,35,0,0,0,0,0,0
"34",8,35,0,0,0,0,0,0
"34",9,35,0,0,0,0,0,0
"34",10,35,0,0,0,0,0,0
"34",11,35,0,0,0,0,0,0
"34",12,35,0,0,0,0,0,0
"34",13,35,0,0,0,0,0,0
"34",14,35,0,0,0,0,0,0
"34",15,35,0,0,0,0,0,0
"34",16,35,0,0,0,0,0,0
"34",17,35,0,0,0,0,0,0
"34",18,35,0,0,0,0,0,0
"34",19,35,0,0,0,0,0,0
"34",20,35,0,0,0,0,0,0
"34",21,35,0,0,0,0,0,0
"34",22,35,0,0,0,0,0,0
"34",23,35,0,0,0,0,0,0
"34",24,35,0,0,0,0,0,0
"34",25,35,0,0,0,0,0,0
"34",26,35,0,0,0,0,0,0
"34",27,35,0,0,0,0,0,0
"34",28,35,0,0,0,0,0,0
"34",29,35,0,0,0,0,0,0
"34",30,35,0,0,0,0,0,0
"35",1,36,0,0,0,0,0,0
"35",2,36,0,0,0,0,0,0
"35",3,36,0,0,0,0,0,0
"35",4,36,0,0,0,0,0,0
"35",5,36,0,0,0,0,0,0
"35",6,36,0,0,0,0,0,0
"35",7,36,0,0,0,0,0,0
"35",8,36,0,0,0,0,0,0
"35",9,36,0,0,0,0,0,0
"35",10,36,0,0,0,0,0,0
"35",11,36,0,0,0,0,0,0
"35",12,36,0,0,0,0,0,0
"35",13,36,0,0,0,0,0,0
"35",14,36,0,0,0,0,0,0
"35",15,36,0,0,0,0,0,0
"35",16,36,0,0,0,0,0,0
"35",17,36,0,0,0,0,0,0
"35",18,36,0,0,0,0,0,0
"35",19,36,0,0,0,0,0,0
"35",20,36,0,0,0,0,0,0
"35",21,36,0,0,0,0,0,0
"35",22,36,0,0,0,0,0,0
"35",23,36,0,0,0,0,0,0
"35",24,36,0,0,0,0,0,0
"35",25,36,0,0,0,0,0,0
"35",26,36,0,0,0,0,0,0
"35",27,36,0,0,0,0,0,0
"35",28,36,0,0,0,0,0,0
"35",29,36,0,0,0,0,0,0
"35",30,36,0,0,0,0,0,0
"36",1,37,0,0,0,0,0,0
"36",2,37,0,0,0,0,0,0
"36",3,37,0,0,0,0,0,0
"36",4,37,0,0,0,0,0,0
"36",5,37,0,0,0,0,0,0
"36",6,37,0,0,0,0,0,0
"36",7,37,0,0,0,0,0,0
"36",8,37,0,0,0,0,0,0
"36",9,37,0,0,0,0,0,0
"36",10,37,0,0,0,0,0,0
"36",11,37,0,0,0,0,0,0
"36",12,37,0,0,0,0,0,0
"36",13,37,0,0,0,0,0,0
"36",14,37,0,0,0,0,0,0
"36",15,37,0,0,0,0,0,0
"36",16,37,0,0,0,0,0,0
"36",17,37,0,0,0,0,0,0
"36",18,37,0,0,0,0,0,0
"36",19,37,0,0,0,0,0,0
"36",20,37,0,0,0,0,0,0
"36",21,37,0,0,0,0,0,0
"36",22,37,0,0,0,0,0,0
"36",23,37,0,0,0,0,0,0
"36",24,37,0,0,0,0,0,0
"36",25,37,0,0,0,0,0,0
"36",26,37,0,0,0,0,0,0
"36",27,37,0,0,0,0,0,0
"36",28,37,0,0,0,0,0,0
"36",29,37,0,0,0,0,0,0
"36",30,37,0,0,0,0,0,0
"37",1,38,0,0,0,0,0,0
"37",2,38,0,0,0,0,0,0
"37",3,38,0,0,0,0,0,0
"37",4,38,0,0,0,0,0,0
"37",5,38,0,0,0,0,0,0
"37",6,38,0,0,0,0,0,0
"37",7,38,0,0,0,0,0,0
"37",8,38,0,0,0,0,0,0
"37",9,38,0,0,0,0,0,0
"37",10,38,0,0,0,0,0,0
"37",11,38,0,0,0,0,0,0
"37",12,38,0,0,0,0,0,0
"37",13,38,0,0,0,0,0,0
"37",14,38,0,0,0,0,0,0
"37",15,38,0,0,0,0,0,0
"37",16,38,0,0,0,0,0,0
"37",17,38,0,0,0,0,0,0
"37",18,38,0,0,0,0,0,0
"37",19,38,0,0,0,0,0,0
"37",20,38,0,0,0,0,0,0
"37",21,38,0,0,0,0,0,0
"37",22,38,0,0,0,0,0,0
"37",23,38,0,0,0,0,0,0
"37",24,38,0,0,0,0,0,0
"37",25,38,0,0,0,0,0,0
"37",26,38,0,0,0,0,0,0
"37",27,38,0,0,0,0,0,0
"37",28,38,0,0,0,0,0,0
"37",29,38,0,0,0,0,0,0
"37",30,38,0,0,0,0,0,0
"38",1,39,0,0,0,0,0,0
"38",2,39,0,0,0,0,0,0
"38",3,39,0,0,0,0,0,0
"38",4,39,0,0,0,0,0,0
"38",5,39,0,0,0,0,0,0
"38",6,39,0,0,0,0,0,0
"38",7,39,0,0,0,0,0,0
"38",8,39,0,0,0,0,0,0
"38",9,39,0,0,0,0,0,0
"38",10,39,0,0,0,0,0,0
"38",11,39,0,0,0,0,0,0
"38",12,39,0,0,0,0,0,0
"38",13,39,0,0,0,0,0,0
"38",14,39,0,0,0,0,0,0
"38",15,39,0,0,0,0,0,0
"38",16,39,0,0,0,0,0,0
"38",17,39,0,0,0,0,0,0
"38",18,39,0,0,0,0,0,0
"38",19,39,0,0,0,0,0,0
"38",20,39,0,0,0,0,0,0
"38",21,39,0,0,0,0,0,0
"38",22,39,0,0,0,0,0,0
"38",23,39,0,0,0,0,0,0
"38",24,39,0,0,0,0,0,0
"38",25,39,0,0,0,0,0,0
"38",26,39,0,0,0,0,0,0
"38",27,39,0,0,0,0,0,0
"38",28,39,0,0,0,0,0,0
"38",29,39,0,0,0,0,0,0
"38",30,39,0,0,0,0,0,0
"39",1,40,0,0,0,0,0,0
"39",2,40,0,0,0,0,0,0
"39",3,40,0,0,0,0,0,0
"39",4,40,0,0,0,0,0,0
"39",5,40,0,0,0,0,0,0
"39",6,40,0,0,0,0,0,0
"39",7,40,0,0,0,0,0,0
"39",8,40,0,0,0,0,0,0
"39",9,40,0,0,0,0,0,0
"39",10,40,0,0,0,0,0,0
"39",11,40,0,0,0,0,0,0
"39",12,40,0,0,0,0,0,0
"39",13,40,0,0,0,0,0,0
"39",14,40,0,0,0,0,0,0
"39",15,40,0,0,0,0,0,0
"39",16,40,0,0,0,0,0,0
"39",17,40,0,0,0,0,0,0
"39",18,40,0,0,0,0,0,0
"39",19,40,0,0,0,0,0,0
"39",20,40,0,0,0,0,0,0
"39",21,40,0,0,0,0,0,0
"39",22,40,0,0,0,0,0,0
"39",23,40,0,0,0,0,0,0
"39",24,40,0,0,0,0,0,0
"39",25,40,0,0,0,0,0,0
"39",26,40,0,0,0,0,0,0
"39",27,40,0,0,0,0,0,0
"39",28,40,0,0,0,0,0,0
"39",29,40,0,0,0,0,0,0
"39",30,40,0,0,0,0,0,0
"40",1,41,0,0,0,0,0,0
"40",2,41,0,0,0,0,0,0
"40",3,41,0,0,0,0,0,0
"40",4,41,0,0,0,0,0,0
"40",5,41,0,0,0,0,0,0
"40",6,41,0,0,0,0,0,0
"40",7,41,0,0,0,0,0,0
"40",8,41,0,0,0,0,0,0
"40",9,41,0,0,0,0,0,0
"40",10,41,0,0,0,0,0,0
"40",11,41,0,0,0,0,0,0
"40",12,41,0,0,0,0,0,0
"40",13,41,0,0,0,0,0,0
"40",14,41,0,0,0,0,0,0
"40",15,41,0,0,0,0,0,0
"40",16,41,0,0,0,0,0,0
"40",17,41,0,0,0,0,0,0
"40",18,41,0,0,0,0,0,0
"40",19,41,0,0,0,0,0,0
"40",20,41,0,0,0,0,0,0
"40",21,41,0,0,0,0,0,0
"40",22,41,0,0,0,0,0,0
"40",23,41,0,0,0,0,0,0
"40",24,41,0,0,0,0,0,0
"40",25,41,0,0,0,0,0,0
"40",26,41,0,0,0,0,0,0
"40",27,41,0,0,0,0,0,0
"40",28,41,0,0,0,0,0,0
"40",29,41,0,0,0,0,0,0
"40",30,41,0,0,0,0,0,0
"41",1,42,0,0,0,0,0,0
"41",2,42,0,0,0,0,0,0
"41",3,42,0,0,0,0,0,0
"41",4,42,0,0,0,0,0,0
"41",5,42,0,0,0,0,0,0
"41",6,42,0,0,0,0,0,0
"41",7,42,0,0,0,0,0,0
"41",8,42,0,0,0,0,0,0
"41",9,42,0,0,0,0,0,0
"41",10,42,0,0,0,0,0,0
"41",11,42,0,0,0,0,0,0
"41",12,42,0,0,0,0,0,0
"41",13,42,0,0,0,0,0,0
"41",14,42,0,0,0,0,0,0
"41",15,42,0,0,0,0,0,0
"41",16,42,0,0,0,0,0,0
"41",17,42,0,0,0,0,0,0
"41",18,42,0,0,0,0,0,0
"41",19,42,0,0,0,0,0,0
"41",20,42,0,0,0,0,0,0
"41",21,42,0,0,0,0,0,0
"41",22,42,0,0,0,0,0,0
"41",23,42,0,0,0,0,0,0
"41",24,42,0,0,0,0,0,0
"41",25,42,0,0,0,0,0,0
"41",26,42,0,0,0,0,0,0
"41",27,42,0,0,0,0,0,0
"41",28,42,0,0,0,0,0,0
"41",29,42,0,0,0,0,0,0
"41",30,42,0,0,0,0,0,0
"42",1,43,0,0,0,0,0,0
"42",2,43,0,0,0,0,0,0
"42",3,43,0,0,0,0,0,0
"42",4,43,0,0,0,0,0,0
"42",5,43,0,0,0,0,0,0
"42",6,43,0,0,0,0,0,0
"42",7,43,0,0,0,0,0,0
"42",8,43,0,0,0,0,0,0
"42",9,43,0,0,0,0,0,0
"42",10,43,0,0,0,0,0,0
"42",11,43,0,0,0,0,0,0
"42",12,43,0,0,0,0,0,0
"42",13,43,0,0,0,0,0,0
"42",14,43,0,0,0,0,0,0
"42",15,43,0,0,0,0,0,0
"42",16,43,0,0,0,0,0,0
"42",17,43,0,0,0,0,0,0
"42",18,43,0,0,0,0,0,0
"42",19,43,0,0,0,0,0,0
"42",20,43,0,0,0,0,0,0
"42",21,43,0,0,0,0,0,0
"42",22,43,0,0,0,0,0,0
"42",23,43,0,0,0,0,0,0
"42",24,43,0,0,0,0,0,0
"42",25,43,0,0,0,0,0,0
"42",26,43,0,0,0,0,0,0
"42",27,43,0,0,0,0,0,0
"42",28,43,0,0,0,0,0,0
"42",29,43,0,0,0,0,0,0
"42",30,43,0,0,0,0,0,0
"43",1,44,0,0,0,0,0,0
"43",2,44,0,0,0,0,0,0
"43",3,44,0,0,0,0,0,0
"43",4,44,0,0,0,0,0,0
"43",5,44,0,0,0,0,0,0
"43",6,44,0,0,0,0,0,0
"43",7,44,0,0,0,0,0,0
"43",8,44,0,0,0,0,0,0
"43",9,44,0,0,0,0,0,0
"43",10,44,0,0,0,0,0,0
"43",11,44,0,0,0,0,0,0
"43",12,44,0,0,0,0,0,0
"43",13,44,0,0,0,0,0,0
"43",14,44,0,0,0,0,0,0
"43",15,44,0,0,0,0,0,0
"43",16,44,0,0,0,0,0,0
"43",17,44,0,0,0,0,0,0
"43",18,44,0,0,0,0,0,0
"43",19,44,0,0,0,0,0,0
"43",20,44,0,0,0,0,0,0
"43",21,44,0,0,0,0,0,0
"43",22,44,0,0,0,0,0,0
"43",23,44,0,0,0,0,0,0
"43",24,44,0,0,0,0,0,0
"43",25,44,0,0,0,0,0,0
"43",26,44,0,0,0,0,0,0
"43",27,44,0,0,0,0,0,0
"43",28,44,0,0,0,0,0,0
"43",29,44,0,0,0,0,0,0
"43",30,44,0,0,0,0,0,0
"44",1,45,0,0,0,0,0,0
"44",2,45,0,0,0,0,0,0
"44",3,45,0,0,0,0,0,0
"44",4,45,0,0,0,0,0,0
"44",5,45,0,0,0,0,0,0
"44",6,45,0,0,0,0,0,0
"44",7,45,0,0,0,0,0,0
"44",8,45,0,0,0,0,0,0
"44",9,45,0,0,0,0,0,0
"44",10,45,0,0,0,0,0,0
"44",11,45,0,0,0,0,0,0
"44",12,45,0,0,0,0,0,0
"44",13,45,0,0,0,0,0,0
"44",14,45,0,0,0,0,0,0
"44",15,45,0,0,0,0,0,0
"44",16,45,0,0,0,0,0,0
"44",17,45,0,0,0,0,0,0
"44",18,45,0,0,0,0,0,0
"44",19,45,0,0,0,0,0,0
"44",20,45,0,0,0,0,0,0
"44",21,45,0,0,0,0,0,0
"44",22,45,0,0,0,0,0,0
"44",23,45,0,0,0,0,0,0
"44",24,45,0,0,0,0,0,0
"44",25,45,0,0,0,0,0,0
"44",26,45,0,0,0,0,0,0
"44",27,45,0,0,0,0,0,0
"44",28,45,0,0,0,0,0,0
"44",29,45,0,0,0,0,0,0
"44",30,45,0,0,0,0,0,0
"45",1,46,0,0,0,0,0,0
"45",2,46,0,0,0,0,0,0
"45",3,46,0,0,0,0,0,0
"45",4,46,0,0,0,0,0,0
"45",5,46,0,0,0,0,0,0
"45",6,46,0,0,0,0,0,0
"45",7,46,0,0,0,0,0,0
"45",8,46,0,0,0,0,0,0
"45",9,46,0,0,0,0,0,0
"45",10,46,0,0,0,0,0,0
"45",11,46,0,0,0,0,0,0
"45",12,46,0,0,0,0,0,0
"45",13,46,0,0,0,0,0,0
"45",14,46,0,0,0,0,0,0
"45",15,46,0,0,0,0,0,0
"45",16,46,0,0,0,0,0,0
"45",17,46,0,0,0,0,0,0
"45",18,46,0,0,0,0,0,0
"45",19,46,0,0,0,0,0,0
"45",20,46,0,0,0,0,0,0
"45",21,46,0,0,0,0,0,0
"45",22,46,0,0,0,0,0,0
"45",23,46,0,0,0,0,0,0
"45",24,46,0,0,0,0,0,0
"45",25,46,0,0,0,0,0,0
"45",26,46,0,0,0,0,0,0
"45",27,46,0,0,0,0,0,0
"45",28,46,0,0,0,0,0,0
"45",29,46,0,0,0,0,0,0
"45",30,46,0,0,0,0,0,0
"46",1,47,0,0,0,0,0,0
"46",2,47,0,0,0,0,0,0
"46",3,47,0,0,0,0,0,0
"46",4,47,0,0,0,0,0,0
"46",5,47,0,0,0,0,0,0
"46",6,47,0,0,0,0,0,0
"46",7,47,0,0,0,0,0,0
"46",8,47,0,0,0,0,0,0
"46",9,47,0,0,0,0,0,0
"46",10,47,0,0,0,0,0,0
"46",11,47,0,0,0,0,0,0
"46",12,47,0,0,0,0,0,0
"46",13,47,0,0,0,0,0,0
"46",14,47,0,0,0,0,0,0
"46",15,47,0,0,0,0,0,0
"46",16,47,0,0,0,0,0,0
"46",17,47,0,0,0,0,0,0
"46",18,47,0,0,0,0,0,0
"46",19,47,0,0,0,0,0,0
"46",20,47,0,0,0,0,0,0
"46",21,47,0,0,0,0,0,0
"46",22,47,0,0,0,0,0,0
"46",23,47,0,0,0,0,0,0
"46",24,47,0,0,0,0,0,0
"46",25,47,0,0,0,0,0,0
"46",26,47,0,0,0,0,0,0
"46",27,47,0,0,0,0,0,0
"46",28,47,0,0,0,0,0,0
"46",29,47,0,0,0,0,0,0
"46",30,47,0,0,0,0,0,0
"47",1,48,0,0,0,0,0,0
"47",2,48,0,0,0,0,0,0
"47",3,48,0,0,0,0,0,0
"47",4,48,0,0,0,0,0,0
"47",5,48,0,0,0,0,0,0
"47",6,48,0,0,0,0,0,0
"47",7,48,0,0,0,0,0,0
"47",8,48,0,0,0,0,0,0
"47",9,48,0,0,0,0,0,0
"47",10,48,0,0,0,0,0,0
"47",11,48,0,0,0,0,0,0
"47",12,48,0,0,0,0,0,0
"47",13,48,0,0,0,0,0,0
"47",14,48,0,0,0,0,0,0
"47",15,48,0,0,0,0,0,0
"47",16,48,0,0,0,0,0,0
"47",17,48,0,0,0,0,0,0
"47",18,48,0,0,0,0,0,0
"47",19,48,0,0,0,0,0,0
"47",20,48,0,0,0,0,0,0
"47",21,48,0,0,0,0,0,0
"47",22,48,0,0,0,0,0,0
"47",23,48,0,0,0,0,0,0
"47",24,48,0,0,0,0,0,0
"47",25,48,0,0,0,0,0,0
"47",26,48,0,0,0,0,0,0
"47",27,48,0,0,0,0,0,0
"47",28,48,0,0,0,0,0,0
"47",29,48,0,0,0,0,0,0
"47",30,48,0,0,0,0,0,0
"48",1,49,0,0,0,0,0,0
"48",2,49,0,0,0,0,0,0
"48",3,49,0,0,0,0,0,0
"48",4,49,0,0,0,0,0,0
"48",5,49,0,0,0,0,0,0
"48",6,49,0,0,0,0,0,0
"48",7,49,0,0,0,0,0,0
"48",8,49,0,0,0,0,0,0
"48",9,49,0,0,0,0,0,0
"48",10,49,0,0,0,0,0,0
"48",11,49,0,0,0,0,0,0
"48",12,49,0,0,0,0,0,0
"48",13,49,0,0,0,0,0,0
"48",14,49,0,0,0,0,0,0
"48",15,49,0,0,0,0,0,0
"48",16,49,0,0,0,0,0,0
"48",17,49,0,0,0,0,0,0
"48",18,49,0,0,0,0,0,0
"48",19,49,0,0,0,0,0,0
"48",20,49,0,0,0,0,0,0
"48",21,49,0,0,0,0,0,0
"48",22,49,0,0,0,0,0,0
"48",23,49,0,0,0,0,0,0
"48",24,49,0,0,0,0,0,0
"48",25,49,0,0,0,0,0,0
"48",26,49,0,0,0,0,0,0
"48",27,49,0,0,0,0,0,0
"48",28,49,0,0,0,0,0,0
"48",29,49,0,0,0,0,0,0
"48",30,49,0,0,0,0,0,0
"49",1,50,0,0,0,0,0,0
"49",2,50,0,0,0,0,0,0
"49",3,50,0,0,0,0,0,0
"49",4,50,0,0,0,0,0,0
"49",5,50,0,0,0,0,0,0
"49",6,50,0,0,0,0,0,0
"49",7,50,0,0,0,0,0,0
"49",8,50,0,0,0,0,0,0
"49",9,50,0,0,0,0,0,0
"49",10,50,0,0,0,0,0,0
"49",11,50,0,0,0,0,0,0
"49",12,50,0,0,0,0,0,0
"49",13,50,0,0,0,0,0,0
"49",14,50,0,0,0,0,0,0
"49",15,50,0,0,0,0,0,0
"49",16,50,0,0,0,0,0,0
"49",17,50,0,0,0,0,0,0
"49",18,50,0,0,0,0,0,0
"49",19,50,0,0,0,0,0,0
"49",20,50,0,0,0,0,0,0
"49",21,50,0,0,0,0,0,0
"49",22,50,0,0,0,0,0,0
"49",23,50,0,0,0,0,0,0
"49",24,50,0,0,0,0,0,0
"49",25,50,0,0,0,0,0,0
"49",26,50,0,0,0,0,0,0
"49",27,50,0,0,0,0,0,0
"49",28,50,0,0,0,0,0,0
"49",29,50,0,0,0,0,0,0
"49",30,50,0,0,0,0,0,0
"50",1,51,0,0,0,0,0,0
"50",2,51,0,0,0,0,0,0
"50",3,51,0,0,0,0,0,0
"50",4,51,0,0,0,0,0,0
"50",5,51,0,0,0,0,0,0
"50",6,51,0,0,0,0,0,0
"50",7,51,0,0,0,0,0,0
"50",8,51,0,0,0,0,0,0
"50",9,51,0,0,0,0,0,0
"50",10,51,0,0,0,0,0,0
"50",11,51,0,0,0,0,0,0
"50",12,51,0,0,0,0,0,0
"50",13,51,0,0,0,0,0,0
"50",14,51,0,0,0,0,0,0
"50",15,51,0,0,0,0,0,0
"50",16,51,0,0,0,0,0,0
"50",17,51,0,0,0,0,0,0
"50",18,51,0,0,0,0,0,0
"50",19,51,0,0,0,0,0,0
"50",20,51,0,0,0,0,0,0
"50",21,51,0,0,0,0,0,0
"50",22,51,0,0,0,0,0,0
"50",23,51,0,0,0,0,0,0
"50",24,51,0,0,0,0,0,0
"50",25,51,0,0,0,0,0,0
"50",26,51,0,0,0,0,0,0
"50",27,51,0,0,0,0,0,0
"50",28,51,0,0,0,0,0,0
"50",29,51,0,0,0,0,0,0
"50",30,51,0,0,0,0,0,0
"51",1,52,0,0,0,0,0,0
"51",2,52,0,0,0,0,0,0
"51",3,52,0,0,0,0,0,0
"51",4,52,0,0,0,0,0,0
"51",5,52,0,0,0,0,0,0
"51",6,52,0,0,0,0,0,0
"51",7,52,0,0,0,0,0,0
"51",8,52,0,0,0,0,0,0
"51",9,52,0,0,0,0,0,0
"51",10,52,0,0,0,0,0,0
"51",11,52,0,0,0,0,0,0
"51",12,52,0,0,0,0,0,0
"51",13,52,0,0,0,0,0,0
"51",14,52,0,0,0,0,0,0
"51",15,52,0,0,0,0,0,0
"51",16,52,0,0,0,0,0,0
"51",17,52,0,0,0,0,0,0
"51",18,52,0,0,0,0,0,0
"51",19,52,0,0,0,0,0,0
"51",20,52,0,0,0,0,0,0
"51",21,52,0,0,0,0,0,0
"51",22,52,0,0,0,0,0,0
"51",23,52,0,0,0,0,0,0
"51",24,52,0,0,0,0,0,0
"51",25,52,0,0,0,0,0,0
"51",26,52,0,0,0,0,0,0
"51",27,52,0,0,0,0,0,0
"51",28,52,0,0,0,0,0,0
"51",29,52,0,0,0,0,0,0
"51",30,52,0,0,0,0,0,0
"52",1,53,0,0,0,0,0,0
"52",2,53,0,0,0,0,0,0
"52",3,53,0,0,0,0,0,0
"52",4,53,0,0,0,0,0,0
"52",5,53,0,0,0,0,0,0
"52",6,53,0,0,0,0,0,0
"52",7,53,0,0,0,0,0,0
"52",8,53,0,0,0,0,0,0
"52",9,53,0,0,0,0,0,0
"52",10,53,0,0,0,0,0,0
"52",11,53,0,0,0,0,0,0
"52",12,53,0,0,0,0,0,0
"52",13,53,0,0,0,0,0,0
"52",14,53,0,0,0,0,0,0
"52",15,53,0,0,0,0,0,0
"52",16,53,0,0,0,0,0,0
"52",17,53,0,0,0,0,0,0
"52",18,53,0,0,0,0,0,0
"52",19,53,0,0,0,0,0,0
"52",20,53,0,0,0,0,0,0
"52",21,53,0,0,0,0,0,0
"52",22,53,0,0,0,0,0,0
"52",23,53,0,0,0,0,0,0
"52",24,53,0,0,0,0,0,0
"52",25,53,0,0,0,0,0,0
"52",26,53,0,0,0,0,0,0
"52",27,53,0,0,0,0,0,0
"52",28,53,0,0,0,0,0,0
"52",29,53,0,0,0,0,0,0
"52",30,53,0,0,0,0,0,0
